Timestamp,Age,Gender,Country,state,self_employed,family_history,treatment,work_interfere,no_employees,remote_work,tech_company,benefits,care_options,wellness_program,seek_help,anonymity,leave,mental_health_consequence,phys_health_consequence,coworkers,supervisor,mental_health_interview,phys_health_interview,mental_vs_physical,obs_consequence,comments
0,37,10,45,10,2,0,1,1,4,0,1,2,1,1,2,2,2,1,1,1,2,1,0,2,0,156
1,44,16,45,11,2,0,0,2,5,0,0,0,0,0,0,0,0,0,1,0,0,1,1,0,0,156
2,32,20,7,45,2,0,0,2,4,0,1,1,0,1,1,0,1,1,1,2,2,2,2,1,0,156
3,31,20,44,45,2,1,1,1,2,0,1,1,2,1,1,1,1,2,2,1,0,0,0,1,1,156
4,31,20,45,37,2,0,0,0,1,1,1,2,0,0,0,0,0,1,1,1,2,2,2,0,0,156
5,33,20,45,36,2,1,0,3,4,0,1,2,1,1,0,0,0,1,1,2,2,1,0,0,0,156
6,35,10,45,18,2,1,1,3,0,1,1,1,0,1,1,1,1,0,0,1,0,1,1,0,0,156
7,39,16,7,45,2,0,0,0,0,1,1,1,2,1,1,2,0,1,1,0,0,1,1,1,0,156
8,42,10,45,10,2,1,1,3,1,0,1,2,2,1,1,1,3,0,1,2,2,1,0,1,0,156
9,23,20,7,45,2,0,0,0,2,0,1,0,0,0,0,0,0,1,1,2,2,0,0,2,0,156
10,31,20,45,29,2,0,1,3,4,1,1,0,0,1,1,0,0,1,1,1,2,1,1,0,0,156
11,29,39,6,45,2,0,0,0,1,1,1,0,1,1,1,0,0,1,1,2,2,2,2,0,0,156
12,42,35,45,2,2,1,1,3,2,0,0,2,2,1,1,0,1,2,2,2,2,0,0,1,1,156
13,36,20,45,4,2,1,0,0,3,0,1,0,1,1,0,0,0,1,1,2,2,1,1,0,0,67
14,27,20,7,45,2,0,0,0,4,0,1,0,1,0,0,0,2,1,1,1,1,0,2,2,0,156
15,29,35,45,10,2,1,1,2,2,0,1,2,1,1,1,0,2,1,1,2,1,0,0,0,0,38
16,23,20,44,45,2,0,1,3,2,1,1,0,0,0,0,0,4,0,1,1,0,0,0,1,0,93
17,32,20,45,36,2,0,1,3,4,0,1,2,2,1,0,0,0,0,1,1,2,1,1,1,0,156
18,46,39,45,16,1,1,0,3,0,1,1,2,1,2,0,2,4,1,1,2,2,1,2,2,1,156
19,36,20,15,45,1,1,0,4,4,1,1,1,0,2,1,2,2,1,1,1,1,0,0,0,0,156
20,29,20,45,28,0,1,1,3,1,0,1,2,2,1,1,1,1,0,1,1,1,1,1,1,0,156
21,31,39,45,22,1,0,0,0,0,1,1,1,0,1,1,2,1,1,1,1,1,1,0,2,0,156
22,46,20,45,15,0,0,1,1,2,1,1,2,2,1,1,0,0,0,1,1,2,1,0,1,0,156
23,41,20,45,8,0,0,1,0,5,0,0,0,0,1,0,0,0,0,1,0,0,1,2,0,0,156
24,33,39,45,2,0,1,1,2,2,0,1,2,1,0,2,2,0,1,1,2,2,1,2,0,0,113
25,35,39,45,36,0,1,1,3,5,0,0,2,2,1,0,1,4,2,1,1,2,1,2,1,0,120
26,33,39,45,36,0,0,0,4,0,0,1,0,1,1,0,0,0,0,0,1,0,1,1,0,0,156
27,35,10,45,2,0,1,1,2,4,1,1,2,2,0,0,0,0,1,1,2,2,0,0,2,0,156
28,34,39,45,29,0,0,1,3,2,1,1,0,1,1,0,0,1,1,1,1,0,1,1,1,0,156
29,37,20,44,45,0,0,0,3,4,0,1,1,0,1,1,0,3,2,0,1,0,1,0,1,0,156
31,32,20,44,45,0,0,0,0,4,1,1,1,0,1,1,0,0,2,2,1,1,1,0,1,0,156
30,31,20,45,32,1,1,0,2,0,1,1,1,2,1,1,0,1,2,1,0,0,1,1,1,1,156
32,30,39,44,45,0,1,1,3,3,1,1,0,0,1,1,2,2,0,1,1,2,1,2,0,0,156
33,42,20,45,41,0,1,1,3,2,1,1,2,2,2,2,2,4,0,1,1,1,0,2,0,0,43
34,40,35,45,42,0,0,1,3,0,0,1,2,2,1,1,0,0,0,1,1,0,1,0,2,0,156
35,27,20,45,28,0,0,1,2,4,0,1,1,2,1,1,0,4,1,1,2,2,0,0,0,0,156
36,29,20,7,45,0,0,0,2,0,0,1,1,0,1,1,0,4,2,0,1,0,1,1,0,0,156
37,38,20,34,45,0,0,0,4,1,0,1,1,2,1,1,0,2,0,1,1,1,1,0,1,0,156
38,50,16,45,11,0,0,0,4,1,0,1,2,2,1,0,0,0,1,1,1,2,1,0,0,0,156
39,35,16,45,37,0,0,1,2,5,1,1,2,2,1,2,2,4,1,1,2,2,0,0,2,0,156
40,24,20,44,45,0,0,1,3,4,0,1,1,0,1,1,0,0,0,0,1,0,1,2,1,1,156
41,35,20,45,18,0,0,0,4,5,1,1,2,1,0,2,0,1,2,2,1,0,1,0,0,0,156
42,27,20,7,45,0,1,1,3,0,0,1,1,2,1,1,2,3,0,1,1,0,1,1,2,0,156
43,18,20,28,45,0,0,0,1,4,0,1,1,1,1,1,0,1,2,0,0,1,1,1,1,0,156
44,30,20,45,11,0,0,1,3,2,0,1,0,0,1,1,0,0,1,1,0,0,1,0,0,0,156
45,38,10,45,37,0,1,1,3,2,0,1,2,2,1,2,2,2,1,1,1,2,1,1,2,0,109
46,28,20,44,45,0,0,0,4,2,0,1,0,1,1,1,0,0,1,0,1,2,0,2,0,0,156
47,34,20,45,36,0,0,0,4,4,0,1,1,0,1,1,0,0,1,1,2,2,0,2,0,0,156
48,26,37,7,45,1,0,0,3,0,0,1,1,2,2,1,0,0,1,1,2,2,1,1,2,0,156
49,30,39,45,10,0,1,1,2,2,0,1,2,0,1,0,0,0,0,1,1,2,1,1,0,0,40
50,22,16,45,37,0,1,1,1,4,0,1,1,2,1,1,2,3,0,1,0,0,1,0,0,0,156
51,33,20,45,38,0,0,0,4,1,1,1,0,1,0,0,0,0,1,1,1,2,0,0,0,0,156
52,31,16,45,45,0,0,0,4,1,1,1,0,0,0,0,0,0,0,0,1,1,0,0,0,0,156
53,32,20,45,36,0,0,0,0,0,1,1,0,1,1,1,0,0,0,1,1,2,1,1,0,0,156
54,28,16,42,45,0,0,0,4,1,0,1,1,0,1,1,0,0,1,1,0,0,1,0,0,0,156
55,27,23,45,28,0,1,1,2,2,0,1,2,2,1,1,2,0,0,1,0,0,1,1,0,0,156
56,32,38,45,36,0,1,0,4,4,1,1,0,0,1,1,0,2,1,1,2,2,1,1,2,0,156
57,24,20,45,28,0,1,1,3,2,1,1,0,0,1,1,0,0,1,0,1,2,2,2,1,0,156
58,26,20,45,36,0,0,0,4,2,0,0,1,0,1,1,2,2,1,1,1,2,0,2,0,0,156
59,33,39,7,45,0,1,1,1,4,1,1,0,0,1,1,1,1,2,1,0,0,1,0,0,0,77
60,44,20,45,8,0,1,1,3,5,0,0,2,0,1,0,0,0,2,0,1,0,1,0,0,1,156
61,26,10,33,45,0,0,1,3,2,1,1,0,1,2,2,2,4,1,1,2,2,0,2,2,0,156
62,27,20,44,45,0,0,0,0,1,0,1,2,1,1,2,0,2,1,1,2,2,0,0,2,0,156
63,26,20,15,45,0,0,0,4,2,0,1,1,0,1,1,0,4,2,1,0,0,1,1,1,1,156
64,35,39,7,45,0,0,0,3,4,0,1,0,0,1,1,0,2,1,1,1,2,1,0,0,0,156
65,40,20,45,2,0,1,0,3,5,1,1,2,2,2,2,0,0,2,0,1,0,1,1,1,1,156
66,23,10,0,45,0,1,1,1,0,1,1,1,1,1,1,0,4,1,1,1,2,1,0,2,0,126
67,36,16,45,37,0,0,0,3,1,1,1,2,0,0,2,0,0,0,1,1,1,0,2,2,0,156
68,31,10,45,26,0,0,0,4,2,1,0,0,0,0,0,0,0,0,1,1,0,1,0,0,0,156
69,34,20,45,28,1,0,0,2,0,1,1,1,0,1,1,0,0,0,1,1,0,1,1,0,0,156
70,28,37,15,45,0,0,0,0,2,0,1,1,0,1,1,0,0,0,1,1,1,1,1,0,0,156
71,34,39,7,45,0,0,0,0,4,0,1,0,1,0,0,0,2,1,1,1,2,1,1,0,0,156
72,23,29,45,15,0,0,0,2,5,0,1,2,2,1,1,2,1,0,1,2,2,1,1,1,0,156
73,38,20,44,45,0,0,0,4,2,0,1,1,0,1,0,2,2,1,1,1,2,0,2,2,0,156
74,33,20,45,2,0,0,0,0,5,0,1,0,1,2,0,0,0,0,1,1,1,1,0,2,0,156
75,19,20,44,45,0,0,0,4,0,0,1,1,2,1,1,1,1,2,1,0,0,1,0,1,0,156
76,25,20,45,41,0,0,0,4,5,1,1,2,2,2,2,0,0,1,1,2,2,0,2,2,0,156
77,31,20,45,41,1,1,0,3,0,1,1,1,0,1,1,2,1,1,1,2,2,0,0,2,0,156
78,32,20,45,38,0,1,1,3,2,1,1,1,0,1,1,0,1,2,1,1,0,1,2,1,0,156
79,28,37,17,45,0,0,0,0,4,1,1,0,0,0,0,0,4,1,1,1,1,0,2,2,0,156
80,38,20,45,28,0,1,0,3,1,1,1,2,2,1,2,0,0,1,1,2,1,0,0,2,0,156
81,23,20,44,45,0,0,0,0,2,0,1,2,1,2,0,0,4,1,1,1,2,0,0,2,0,156
82,30,39,7,45,0,0,0,0,2,0,0,1,0,1,1,0,0,1,1,1,2,1,1,1,0,156
83,27,4,45,28,1,0,1,1,0,1,1,2,2,2,2,2,4,0,0,1,2,1,0,2,0,156
84,33,20,45,2,0,1,0,0,5,0,1,1,0,1,1,0,0,2,1,0,0,1,0,1,0,156
85,31,20,45,37,0,0,0,4,2,0,1,0,1,1,1,0,0,1,1,1,2,0,0,1,0,156
86,39,20,44,45,1,0,1,1,4,0,1,1,0,1,1,0,3,0,1,1,0,1,0,1,1,156
87,34,35,45,31,0,1,1,2,3,1,1,2,1,1,0,0,0,2,0,1,1,1,1,0,0,156
88,29,8,45,6,0,0,1,3,2,0,1,2,2,1,1,0,0,0,1,1,1,1,0,1,1,156
89,32,16,45,10,0,0,0,4,3,0,1,0,0,1,0,0,0,1,1,1,1,1,1,0,0,156
90,31,20,45,28,0,0,0,0,3,0,1,2,2,2,2,2,2,1,1,1,2,1,1,2,0,156
91,40,39,45,37,0,0,1,3,2,0,1,1,2,1,1,2,3,1,1,2,2,2,2,1,0,156
92,34,20,45,29,0,0,0,4,2,0,1,0,0,1,1,0,2,0,1,1,0,1,0,0,0,156
93,18,47,36,45,0,0,0,4,2,1,1,2,2,1,1,2,2,1,1,2,2,2,2,0,0,76
94,25,8,7,45,0,0,1,3,2,0,1,2,2,1,0,0,0,0,1,1,2,1,0,0,0,156
95,29,39,45,19,0,0,0,0,2,0,1,0,0,1,0,0,0,1,1,2,2,0,0,1,0,156
96,24,20,45,20,0,1,0,2,2,0,1,0,1,1,0,0,2,0,0,1,0,1,0,0,0,156
97,31,39,26,45,0,1,1,3,4,0,1,0,0,1,1,0,0,1,1,1,2,0,2,1,0,156
98,33,5,45,1,0,0,1,3,4,0,1,1,2,1,1,0,2,0,1,1,0,1,0,1,0,156
99,30,16,45,11,0,0,1,1,0,0,1,1,2,1,1,2,2,1,1,2,2,0,0,2,0,156
100,26,35,7,45,0,1,1,3,2,0,0,1,2,1,1,1,3,2,1,0,0,1,0,1,1,79
101,44,10,45,15,0,0,0,0,1,0,1,2,1,0,0,0,0,0,0,0,1,1,1,0,0,156
102,25,20,45,28,0,1,0,4,2,0,1,0,0,0,0,0,4,1,1,1,2,1,1,0,0,156
103,33,20,45,42,0,1,1,3,2,1,1,2,2,2,2,2,2,1,1,1,2,0,0,2,0,156
104,29,20,45,28,0,0,0,0,5,0,1,2,1,2,0,0,2,1,1,1,2,1,1,0,0,156
105,35,20,45,20,0,1,0,2,4,0,1,2,1,1,1,2,2,1,1,1,2,1,1,0,0,156
106,35,16,45,31,0,1,1,3,2,1,1,0,1,1,1,0,2,1,1,1,2,1,0,1,0,72
107,28,20,5,45,0,1,1,2,4,0,1,1,0,1,1,1,0,0,1,2,2,1,1,0,1,156
108,34,37,45,36,0,1,0,0,4,1,1,2,0,1,1,0,0,0,1,0,0,1,1,0,0,156
109,32,20,45,41,0,0,1,3,2,0,1,2,0,2,2,2,1,0,1,1,2,1,0,2,0,156
110,22,20,45,28,0,0,1,3,3,0,1,2,2,1,0,2,0,2,1,0,0,1,2,1,0,156
111,28,20,45,2,0,0,1,3,2,0,1,2,2,2,2,2,2,1,1,1,1,1,0,2,0,156
112,45,39,45,20,0,1,1,2,4,1,1,2,2,1,2,2,4,1,1,2,2,2,2,2,0,156
113,32,20,45,28,0,0,0,0,1,0,1,2,2,1,0,0,0,0,1,1,1,1,1,0,0,156
114,28,39,45,37,0,0,0,4,5,0,1,0,0,1,0,0,0,0,1,1,0,1,0,0,0,156
115,26,20,44,45,0,0,0,0,4,0,1,0,0,1,0,0,4,1,1,1,1,1,1,0,1,156
116,21,20,44,45,1,0,0,1,0,1,0,1,2,1,1,2,3,2,1,1,2,1,0,1,0,156
116,27,20,7,45,0,0,0,2,4,0,0,2,2,2,2,2,4,0,1,1,2,1,1,0,0,156
117,18,20,45,4,0,0,1,2,0,1,1,1,0,1,1,2,4,1,1,1,0,1,1,0,0,156
118,35,20,45,3,0,0,0,4,2,1,1,0,1,1,0,0,0,1,1,1,2,0,0,0,0,156
119,29,20,45,7,0,0,0,0,5,0,1,2,2,1,2,0,0,2,2,0,0,1,1,0,0,156
120,25,20,45,5,0,0,0,4,2,1,1,0,0,1,1,0,4,1,1,1,2,1,1,0,0,156
121,33,20,45,19,0,1,1,3,4,1,1,0,0,0,0,2,4,1,1,2,2,1,0,2,0,156
122,36,20,45,41,0,0,0,1,4,0,1,2,0,1,1,2,0,0,1,0,0,1,1,0,0,156
123,27,20,7,45,0,0,1,0,1,0,0,2,1,1,1,0,3,0,1,1,2,1,0,1,1,156
124,27,20,45,41,0,1,0,0,3,0,1,2,0,2,2,2,0,2,1,1,0,1,2,0,0,156
125,27,20,44,45,0,0,0,4,4,0,1,1,0,1,1,0,0,1,1,1,1,1,1,0,0,156
126,32,16,45,31,0,0,1,2,1,0,1,2,2,1,2,2,0,2,1,0,2,1,1,0,0,156
127,31,20,44,45,0,1,0,3,4,0,1,1,0,1,1,0,2,0,0,0,0,1,1,2,0,156
128,19,39,38,45,0,0,1,3,4,0,1,0,0,1,1,0,2,2,2,1,0,1,1,0,0,156
129,33,20,45,10,0,1,1,3,5,0,1,2,2,1,1,0,4,0,1,2,1,1,2,1,0,156
130,32,39,45,2,0,0,0,2,0,1,1,1,2,1,1,0,3,0,1,2,1,1,2,0,0,156
131,27,20,45,23,0,0,0,0,2,0,1,0,1,0,0,0,0,1,1,2,2,0,0,0,0,156
132,38,20,10,45,0,0,0,4,2,1,1,1,2,1,1,2,2,1,1,2,2,0,2,1,0,156
133,24,20,7,45,0,0,1,0,2,0,1,0,0,1,1,0,0,1,1,1,2,0,2,0,0,156
134,39,16,44,45,0,0,0,0,2,0,0,1,0,1,1,0,0,2,0,0,0,1,1,0,0,156
135,28,20,44,45,0,0,0,0,4,0,1,0,0,1,1,2,4,1,1,1,2,0,0,2,0,156
136,39,20,45,8,0,0,1,1,5,0,1,2,1,1,1,0,2,1,1,2,2,1,1,0,0,156
137,29,10,45,16,0,0,0,4,4,0,1,0,0,1,0,0,2,0,1,1,0,1,1,0,0,156
137,22,37,1,45,0,0,0,4,4,1,1,0,0,0,1,0,2,1,1,1,1,1,1,0,0,156
138,38,20,45,31,0,1,1,3,1,0,1,0,0,0,0,0,0,0,1,1,2,1,1,0,0,156
139,37,20,44,45,1,0,1,3,5,0,0,1,2,2,2,2,3,2,2,1,0,1,0,2,0,65
140,35,16,45,37,0,0,0,0,2,1,0,0,1,0,0,0,0,2,1,1,0,1,0,0,0,156
141,-29,20,45,19,0,0,0,4,5,1,0,2,0,0,2,0,0,1,1,1,2,1,1,0,0,156
142,30,10,45,32,0,1,0,4,5,1,1,0,1,1,0,0,0,0,0,1,1,1,0,0,0,61
143,37,20,45,11,0,1,1,2,1,0,0,2,2,2,2,0,2,0,0,1,2,0,0,0,0,156
144,24,16,44,45,0,0,0,0,4,0,1,1,0,1,1,2,0,0,0,0,1,1,1,0,0,156
145,23,20,45,43,0,0,0,3,4,0,0,1,0,1,1,1,2,2,2,0,0,1,1,1,0,156
146,30,39,21,45,0,0,1,2,1,0,1,1,2,2,2,0,2,2,1,1,0,1,1,1,1,156
147,29,10,45,18,0,0,0,4,1,1,1,0,1,1,0,0,0,0,1,0,1,1,0,0,0,156
148,19,20,7,45,1,1,0,4,0,1,1,0,1,1,2,2,2,0,1,1,1,0,0,0,0,156
149,32,39,45,2,0,1,0,0,2,0,1,0,1,1,1,0,4,1,1,1,1,1,0,1,0,156
150,28,39,33,45,0,0,0,2,4,1,1,1,0,1,1,0,0,1,1,2,2,0,2,2,0,156
151,36,20,45,10,0,0,0,0,4,0,1,0,1,0,0,0,0,1,1,1,1,0,0,0,0,156
152,37,20,44,45,0,1,1,2,5,0,0,2,2,2,2,2,1,2,0,1,0,1,2,1,1,156
153,25,20,45,10,0,1,1,3,2,0,0,0,0,1,0,0,1,0,1,1,1,1,0,1,0,156
154,27,20,45,2,0,1,1,3,5,0,1,0,0,1,0,0,0,1,1,0,1,1,0,0,0,156
155,26,39,45,30,0,0,0,1,2,0,0,0,1,1,1,0,0,2,0,1,2,1,0,1,0,156
155,27,39,45,38,0,0,1,2,2,1,1,1,2,1,1,0,1,0,1,1,2,1,1,0,1,20
156,25,20,45,10,0,1,1,3,2,0,1,0,1,1,1,0,4,0,1,1,0,1,1,0,1,17
157,36,20,44,45,0,0,1,3,5,0,0,2,2,2,2,2,2,0,0,1,1,1,0,0,1,33
158,25,8,45,28,0,1,1,3,3,0,1,2,0,1,1,0,0,2,2,1,1,1,1,0,0,156
158,31,16,45,2,0,0,0,0,5,0,1,2,0,1,2,0,0,1,1,1,1,1,1,0,0,156
159,26,39,45,15,0,1,0,2,4,0,1,0,0,1,1,0,0,0,1,1,2,1,1,0,0,156
160,33,8,45,41,1,1,1,3,0,0,1,1,2,2,2,2,3,1,1,1,2,1,2,2,0,88
161,27,30,44,45,1,1,0,4,0,1,1,1,2,1,1,2,2,1,1,2,2,1,0,2,0,152
162,34,20,45,19,0,0,0,0,2,0,1,1,0,1,1,0,4,0,1,1,1,1,0,0,0,156
163,42,39,45,2,0,0,0,4,4,0,1,1,2,1,1,0,3,0,1,2,2,1,0,1,0,156
164,23,39,21,45,1,1,0,3,0,0,1,1,0,1,1,0,3,2,1,0,0,1,0,1,0,156
165,24,20,44,45,0,0,0,2,1,0,1,0,1,2,0,0,4,0,0,1,1,1,0,0,0,156
166,26,20,44,45,0,0,1,3,5,0,1,2,2,0,0,2,2,1,1,2,2,1,1,0,0,97
167,31,20,44,45,1,0,1,1,4,0,1,0,0,1,1,0,0,0,1,1,2,1,0,0,0,156
168,22,16,20,45,0,0,1,0,5,0,1,0,1,1,1,0,3,2,0,0,0,0,0,1,0,156
169,23,10,45,22,0,0,0,4,4,0,1,0,0,1,0,0,0,0,0,1,2,1,0,2,0,156
170,34,10,7,45,0,1,1,3,5,0,0,2,2,2,1,0,2,1,1,1,2,1,1,1,0,156
171,31,39,45,20,0,0,0,0,2,0,1,0,1,1,0,0,0,0,1,0,1,1,0,0,0,156
172,28,20,44,45,0,0,0,4,1,0,0,1,1,1,2,2,2,1,1,1,1,0,0,2,0,156
173,32,10,45,15,0,0,1,1,4,1,1,2,1,0,0,2,4,1,1,2,2,1,1,2,1,25
174,45,8,45,2,0,0,1,3,0,0,1,2,0,1,1,2,1,1,1,2,2,1,1,2,0,80
175,33,20,45,37,0,0,0,4,4,1,1,0,0,1,1,0,4,1,1,2,2,1,0,0,0,4
176,29,39,26,45,0,0,0,0,4,1,1,1,0,1,1,1,0,0,0,0,2,0,2,1,0,156
177,26,33,20,45,1,0,0,3,4,0,0,1,0,1,1,0,2,0,0,1,1,1,1,0,0,156
178,28,10,44,45,0,0,0,0,2,0,1,0,0,1,0,2,2,1,1,2,2,0,0,0,0,156
179,45,16,45,2,0,0,1,3,5,0,1,0,1,0,0,0,0,2,2,1,1,1,1,0,0,156
180,43,20,45,41,0,1,1,1,5,1,1,2,1,1,0,0,3,2,0,0,0,1,1,1,0,156
181,37,39,45,15,0,0,0,4,3,1,1,2,0,1,1,0,0,2,1,1,0,0,2,1,0,156
182,24,20,44,45,0,0,0,3,4,0,1,0,0,1,0,0,2,0,1,1,2,0,2,2,0,156
183,26,20,15,45,0,0,0,4,4,1,1,1,2,1,1,0,2,1,1,1,0,1,0,2,0,156
184,23,39,44,45,0,1,0,4,0,1,1,0,0,1,1,0,0,1,1,1,2,0,2,0,0,156
185,35,10,45,2,0,1,1,0,5,0,1,2,1,0,1,2,2,0,1,0,0,1,1,0,0,156
186,38,10,39,45,1,1,1,1,0,1,1,1,2,1,1,2,2,0,0,1,1,1,0,0,1,156
187,28,20,45,18,0,1,1,3,2,0,1,2,0,1,1,0,2,0,0,1,0,1,0,1,0,156
188,28,20,36,45,0,0,0,3,2,0,1,1,0,1,1,0,0,2,0,0,0,1,0,0,0,156
188,35,20,45,2,0,0,1,2,4,0,1,1,0,1,1,2,0,1,1,1,2,1,1,0,0,156
189,32,35,17,45,0,0,0,3,1,0,1,1,0,1,1,0,3,2,2,1,0,1,1,1,1,142
190,31,19,23,45,1,1,0,0,4,0,1,1,0,1,1,0,2,0,0,1,1,1,0,0,0,156
191,35,10,45,28,0,0,0,0,3,1,1,0,1,1,1,0,0,0,0,1,0,1,1,0,0,156
192,26,20,45,2,0,0,0,2,5,0,1,2,0,1,1,2,2,1,1,1,2,1,0,1,0,156
193,27,20,45,36,0,1,0,4,4,1,1,2,2,1,1,0,2,0,0,1,1,1,0,2,0,156
194,28,20,44,45,0,1,1,3,5,0,1,0,0,1,1,0,0,0,0,1,0,1,0,0,0,156
195,27,10,45,31,0,1,1,3,2,0,1,2,0,1,1,0,4,1,1,1,1,1,1,2,0,102
196,34,35,45,19,0,0,1,3,3,0,0,2,2,2,2,2,2,0,1,1,2,1,1,2,0,156
197,41,39,45,6,0,0,1,1,4,1,1,1,1,1,1,0,3,0,0,1,1,0,0,0,0,156
198,37,20,21,45,0,0,0,3,0,0,1,1,2,1,1,0,3,2,1,0,0,1,2,0,0,146
199,34,39,1,45,0,1,0,4,1,1,1,0,0,0,0,0,4,1,1,2,2,1,1,2,0,156
200,32,20,44,45,0,1,1,3,1,1,1,0,1,1,1,0,1,2,0,0,0,1,1,1,1,70
201,21,20,7,45,0,0,1,3,4,1,1,1,2,1,1,0,1,1,1,1,1,0,0,2,0,156
202,30,16,45,15,0,0,1,1,2,0,1,1,2,1,1,2,2,0,1,2,2,1,0,0,0,156
203,24,39,45,12,0,0,0,0,2,0,1,0,1,1,0,0,0,1,1,1,2,1,1,0,0,156
204,26,39,6,45,0,0,0,4,1,0,1,1,0,1,1,1,4,2,0,0,0,1,0,0,0,156
205,40,10,45,5,0,0,0,4,2,0,1,2,2,2,2,2,2,1,1,1,2,1,1,2,0,156
206,37,20,44,45,0,1,0,3,2,0,0,1,0,1,1,0,0,2,0,1,2,1,0,0,0,156
207,26,20,44,45,1,0,1,1,0,1,1,1,0,1,1,0,0,2,1,0,0,1,0,0,0,156
208,32,8,45,37,0,1,1,3,4,0,1,0,0,1,1,1,0,2,0,1,1,1,0,1,1,156
209,32,33,45,15,0,0,1,3,1,0,0,2,2,0,0,2,4,1,1,2,2,1,2,2,0,156
210,27,35,45,18,1,1,1,3,0,1,1,1,0,0,0,0,3,1,1,1,0,1,1,0,0,89
211,30,20,17,45,1,0,1,1,4,1,1,2,2,1,1,2,3,1,1,1,2,0,2,2,0,51
212,31,16,7,45,1,0,0,4,4,0,1,2,2,1,0,2,4,1,1,1,1,1,1,2,0,156
213,29,8,45,28,0,0,1,0,3,0,0,2,0,1,0,0,1,0,1,1,0,1,1,0,0,156
214,41,22,45,39,0,0,0,4,2,0,1,2,1,1,1,0,4,2,1,0,1,1,1,0,0,156
215,34,35,45,41,0,0,0,4,4,0,1,2,0,1,1,0,2,1,1,2,2,0,0,2,0,108
216,33,20,44,45,0,0,0,4,2,0,1,0,0,1,1,0,0,1,1,2,2,2,2,0,0,156
217,28,39,45,32,0,0,0,2,4,0,1,0,0,1,1,0,0,1,1,1,1,1,0,0,0,156
218,28,20,45,18,0,0,1,3,5,0,1,1,2,1,1,2,3,2,1,0,1,1,1,1,0,156
219,23,20,45,32,0,0,0,0,2,0,1,0,1,0,0,0,0,1,1,0,2,1,2,2,0,7
220,24,16,45,31,0,0,0,4,0,0,1,0,0,0,1,2,4,1,1,2,2,0,2,2,0,150
221,32,39,45,41,0,0,0,2,0,1,1,1,2,1,1,0,3,1,1,1,2,1,0,2,0,156
222,34,20,0,45,1,0,0,3,0,1,1,0,1,2,2,0,1,2,2,0,0,1,0,2,0,156
223,24,20,45,32,0,0,0,0,4,0,1,2,1,1,0,0,4,0,1,1,0,0,0,2,0,156
224,26,39,44,45,1,0,1,3,0,0,1,1,2,1,1,0,0,0,1,1,1,1,0,2,0,156
225,36,20,45,29,0,0,1,3,2,0,1,2,0,1,2,0,0,0,1,1,1,1,0,0,1,156
226,41,20,45,37,0,0,1,2,3,1,1,2,2,1,0,0,0,0,0,1,0,0,0,1,0,34
227,38,20,44,45,0,0,1,3,5,0,0,0,1,0,0,0,3,2,1,0,0,1,0,1,0,156
228,38,20,45,24,0,0,0,3,2,1,1,0,1,1,0,0,0,0,0,1,2,1,0,1,0,156
229,30,39,28,45,0,0,0,4,2,0,1,0,0,0,0,2,2,1,1,1,1,1,1,2,0,156
230,25,20,44,45,0,0,0,0,2,0,1,1,0,1,1,0,1,2,0,0,0,1,0,1,0,156
231,37,20,7,45,0,1,1,1,2,0,1,2,2,1,0,0,0,0,1,1,1,1,2,0,0,156
232,34,20,44,45,0,1,0,4,4,0,1,1,0,1,1,2,1,1,1,1,2,1,2,1,1,156
233,37,8,45,22,0,1,1,3,5,0,0,2,2,2,2,2,2,1,1,1,1,1,0,2,0,156
234,28,10,7,45,0,1,1,3,4,0,0,2,2,2,2,2,0,1,1,1,2,1,1,1,1,156
235,22,20,41,45,0,0,0,4,4,0,1,0,0,1,1,0,0,1,1,1,2,0,0,1,0,156
236,34,39,45,6,0,1,1,3,0,0,1,1,0,1,1,0,1,0,1,1,1,1,0,1,1,156
237,33,16,45,2,0,1,1,3,2,0,1,2,2,2,2,2,2,1,1,1,2,1,1,0,0,156
238,25,20,39,45,0,0,0,4,4,0,1,1,0,1,1,2,1,0,1,1,2,1,2,1,0,156
239,27,20,45,7,0,0,0,0,5,1,1,2,2,0,0,2,2,1,1,1,2,0,0,2,0,156
240,40,16,45,29,0,0,1,3,5,1,1,2,2,2,2,2,0,2,0,0,0,1,0,1,1,39
241,21,20,45,13,0,0,1,1,4,0,0,0,0,1,0,0,0,0,1,0,0,1,0,0,0,156
242,29,20,44,45,0,0,0,4,4,0,0,1,0,1,1,2,4,1,1,2,2,0,2,2,0,156
243,32,16,45,22,0,1,1,3,0,1,1,1,0,1,1,0,0,0,1,2,2,1,2,0,0,156
244,29,33,45,28,0,1,1,2,3,1,0,2,2,2,0,2,0,0,1,1,0,0,2,0,0,156
245,23,20,45,0,0,1,1,3,2,1,0,0,0,1,0,2,2,0,1,1,1,1,2,2,0,156
246,28,20,45,7,0,1,0,4,1,0,1,2,0,1,0,2,2,1,1,1,2,1,0,2,1,156
247,31,39,45,2,0,1,1,2,1,1,1,2,2,2,0,2,4,1,1,1,2,1,0,2,0,156
248,27,20,44,45,0,0,0,4,1,0,0,0,1,0,0,1,4,0,0,2,2,1,1,0,0,156
249,24,20,45,39,0,0,0,3,4,0,1,0,0,0,0,0,0,1,1,2,2,0,0,0,0,156
250,29,20,7,45,0,0,0,1,4,0,1,1,0,1,1,0,1,2,1,0,0,1,0,0,0,156
251,23,10,44,45,0,0,1,3,4,0,1,0,1,0,0,0,0,0,0,1,1,1,0,2,0,156
252,42,20,45,41,0,0,0,0,4,1,1,1,2,1,2,0,2,1,1,1,2,1,1,2,0,105
253,24,20,44,45,0,0,0,4,0,0,1,1,0,1,1,0,0,2,1,1,1,1,2,1,0,156
254,25,20,0,45,0,1,1,1,4,0,1,1,2,1,1,1,3,2,0,0,0,1,2,1,1,156
255,27,10,45,37,0,0,1,2,4,0,1,2,0,1,1,2,0,0,0,2,0,1,0,0,0,156
256,27,20,7,45,0,0,0,3,4,1,1,1,2,1,1,1,3,2,2,1,1,1,0,1,0,156
257,30,20,45,6,0,0,1,3,1,1,1,2,2,1,2,2,0,1,1,2,2,0,1,2,0,156
258,29,39,33,45,0,1,1,2,4,0,1,1,2,1,1,2,3,0,1,1,1,1,2,1,0,156
259,43,20,7,45,1,0,0,4,4,1,1,1,1,1,1,0,2,0,1,2,2,2,2,0,0,156
260,32,39,45,27,0,0,0,4,4,0,1,1,2,1,0,0,4,1,1,1,2,1,0,0,0,156
261,41,20,45,0,0,0,1,3,2,1,1,2,2,0,1,0,4,1,1,2,2,2,2,2,0,48
262,32,20,44,45,1,1,1,3,0,1,1,0,1,0,0,0,4,0,0,2,1,0,0,0,1,118
263,37,10,45,2,0,1,1,1,2,0,1,2,2,1,1,2,0,0,1,1,1,1,2,0,0,156
264,32,20,45,3,0,0,0,0,4,1,1,1,0,1,1,0,4,1,1,2,2,1,1,0,0,156
265,30,20,21,45,1,0,0,3,0,1,1,1,0,1,1,0,1,1,1,1,1,1,0,1,0,156
266,23,35,45,19,0,1,1,0,1,0,0,2,0,0,0,2,0,1,1,1,2,0,0,2,0,156
267,30,20,45,25,0,0,0,4,5,0,1,2,2,2,2,2,4,1,1,1,2,1,1,2,0,156
268,34,39,44,45,0,0,0,3,2,0,1,1,2,1,1,0,2,0,0,2,1,1,1,0,0,156
269,38,20,45,32,0,0,1,2,2,1,1,2,0,1,1,0,0,2,1,0,0,1,0,1,0,156
270,33,20,7,45,0,0,0,4,1,0,1,2,0,2,2,2,0,1,1,1,2,1,1,0,0,156
271,34,39,45,20,0,0,0,4,2,0,0,2,0,1,1,0,0,0,1,1,0,1,1,0,0,156
272,28,39,9,45,0,0,0,3,4,0,1,1,2,1,1,0,2,0,0,0,1,1,1,0,0,156
273,28,39,45,19,0,0,1,2,1,0,0,2,2,2,0,0,4,0,1,1,1,1,1,2,0,156
274,23,20,45,32,0,1,0,3,1,0,1,0,0,1,0,0,0,0,1,1,0,1,0,1,0,156
275,22,20,0,45,1,1,1,3,4,1,1,0,1,2,2,0,2,0,1,1,2,1,2,1,1,156
276,27,39,34,45,0,0,0,0,4,0,1,1,0,1,1,2,0,2,1,0,0,1,0,0,0,84
277,18,39,45,37,0,0,1,3,4,0,1,0,0,1,0,0,0,2,1,0,0,1,0,0,0,156
278,35,39,45,28,0,1,1,3,2,0,1,2,2,1,1,2,1,2,1,0,1,1,0,0,0,156
279,25,20,7,45,0,0,0,4,1,0,0,0,1,1,1,0,0,1,1,1,1,1,2,1,0,156
280,27,20,44,45,0,1,1,3,4,0,1,1,0,1,1,2,2,0,0,2,2,2,2,2,0,21
281,26,10,45,41,0,1,1,2,5,0,1,2,1,0,0,0,0,0,1,1,1,1,1,0,0,156
282,18,20,45,41,0,0,0,0,2,0,1,0,1,0,0,0,4,1,1,1,1,1,0,2,0,156
283,38,10,45,37,0,0,1,3,0,0,1,1,2,1,1,0,0,1,0,1,0,1,1,0,1,131
284,26,10,45,37,0,1,1,2,5,1,1,2,2,2,0,0,2,0,1,1,0,1,1,0,0,156
285,30,20,42,45,1,0,0,0,0,0,1,1,0,1,1,1,2,1,1,2,2,1,1,2,0,156
286,35,39,45,2,0,0,0,0,5,0,1,0,0,1,0,0,0,2,0,1,1,1,1,0,0,156
287,45,39,45,28,0,1,1,3,5,0,1,2,2,0,0,2,0,0,1,1,1,1,0,0,0,156
288,32,20,45,2,0,0,0,0,5,0,1,2,0,1,0,0,0,0,1,1,1,1,1,0,0,156
289,56,20,45,45,0,0,1,0,5,0,1,2,1,0,0,0,0,1,0,2,1,1,0,0,0,156
290,24,10,45,2,0,0,0,4,3,0,1,0,1,1,0,0,0,0,0,1,0,1,0,1,0,156
291,30,8,45,34,0,1,1,3,2,0,1,2,2,2,0,0,4,1,1,2,2,1,2,2,0,156
292,60,39,45,2,0,0,0,4,5,0,1,2,0,0,2,0,0,1,1,1,2,0,0,2,0,156
293,33,20,45,2,0,1,1,3,5,0,1,2,0,2,2,0,0,2,1,0,0,1,0,0,0,156
294,37,16,45,28,0,0,0,0,5,0,1,2,2,2,2,0,0,1,1,1,2,0,0,0,0,156
295,23,10,45,28,0,0,1,3,5,0,1,2,2,2,2,0,0,1,1,1,1,1,1,2,0,156
296,31,33,45,2,0,0,1,3,5,0,1,2,1,0,0,2,2,1,1,2,2,1,1,2,0,156
297,26,20,45,15,0,0,0,2,1,0,1,2,1,1,0,0,0,1,1,1,2,1,0,0,0,156
298,28,35,45,41,0,1,1,1,1,1,0,2,2,2,2,2,2,2,1,1,2,1,1,2,0,156
299,37,8,45,2,0,0,1,2,5,0,1,2,2,0,2,0,2,1,1,1,2,1,1,2,0,156
300,26,39,7,45,0,1,1,1,4,0,1,2,0,1,0,0,0,0,1,1,1,0,0,2,0,156
301,30,46,45,10,0,1,1,2,2,0,1,2,1,1,1,0,2,0,1,1,2,1,1,0,0,156
302,26,16,45,11,0,0,0,4,2,0,1,1,0,1,1,0,0,1,1,1,1,1,1,0,1,156
302,25,20,45,31,0,0,0,4,2,1,1,0,1,1,0,0,0,1,1,1,2,1,1,0,0,156
303,27,20,45,36,0,0,0,3,1,0,1,2,1,2,2,0,0,0,1,1,2,1,0,0,0,135
304,25,20,7,45,0,0,1,1,4,1,0,0,0,1,0,0,1,2,0,0,0,1,0,0,0,156
305,35,39,45,31,0,0,1,2,1,0,1,2,1,0,2,0,0,1,1,1,2,1,1,0,0,156
306,36,20,45,41,1,0,1,0,0,0,1,1,2,1,1,0,2,0,1,1,2,1,1,2,0,156
307,26,20,45,2,0,1,1,3,5,0,1,2,1,1,0,0,0,2,1,0,0,1,1,1,0,156
308,27,20,45,2,0,1,0,4,5,0,1,0,0,0,0,0,4,1,1,2,2,0,0,2,0,16
309,30,39,45,40,0,0,0,4,4,0,0,0,1,1,0,0,0,0,0,1,1,1,1,0,0,156
310,29,16,45,28,0,0,0,4,1,0,0,0,1,1,0,0,0,0,1,0,0,1,0,0,0,156
311,25,20,45,38,0,0,0,0,5,0,0,2,2,2,2,2,4,1,1,1,2,0,0,2,0,156
312,22,10,45,28,0,1,1,1,5,0,1,2,2,2,2,2,2,0,1,0,1,1,1,2,1,156
313,29,39,25,28,0,0,0,4,2,0,1,1,2,1,1,0,2,0,0,1,1,1,1,0,0,156
314,41,20,45,35,0,1,1,2,1,1,1,2,2,0,2,2,2,1,1,1,2,0,0,2,0,156
315,29,20,45,2,0,0,1,3,5,0,1,2,0,1,0,0,0,2,1,1,1,1,0,1,0,156
316,32,20,45,31,0,0,0,0,3,0,1,2,1,0,2,2,2,1,1,1,2,0,0,2,0,156
317,24,35,45,2,0,1,1,3,5,0,1,2,2,1,2,2,0,0,1,1,0,1,0,0,0,156
318,25,20,45,2,0,0,1,2,4,0,1,2,0,0,1,0,0,0,1,0,0,1,1,0,0,156
319,25,37,45,2,0,0,0,4,5,0,1,0,1,0,0,0,0,0,1,0,0,1,0,0,0,156
320,30,10,45,3,0,0,0,0,5,0,1,2,2,2,2,2,2,0,0,0,1,1,1,0,0,156
321,25,20,45,2,0,1,1,3,5,0,1,0,1,0,2,0,0,1,1,2,2,1,1,2,0,156
322,30,20,45,29,1,0,0,0,0,1,1,1,2,1,1,0,0,0,1,1,1,1,0,0,0,156
323,33,39,17,45,1,1,1,2,0,0,0,1,0,1,1,0,1,2,2,0,0,0,1,2,1,156
324,24,20,45,41,0,0,0,4,2,0,1,2,1,2,2,2,4,1,1,1,1,1,0,2,0,156
325,25,20,7,45,0,1,1,3,5,0,1,2,2,1,0,0,0,2,0,1,0,1,1,1,0,156
326,31,20,45,29,0,0,0,4,1,0,0,0,0,1,1,2,2,0,1,0,0,1,2,1,0,156
327,45,20,21,45,1,0,1,1,0,0,1,1,0,1,1,0,3,1,1,0,0,1,1,0,0,156
328,29,37,35,45,0,0,0,4,4,1,0,1,2,1,1,0,0,0,0,1,1,0,0,1,0,156
329,46,16,45,41,0,0,0,0,2,0,1,2,1,2,0,0,4,1,1,1,1,0,0,0,0,156
330,30,20,44,45,0,0,1,3,2,0,1,0,0,1,0,0,0,2,0,0,0,1,0,0,0,156
331,29,8,45,2,1,0,0,3,5,0,1,2,1,0,1,0,4,0,0,1,1,1,1,0,0,156
332,24,20,45,15,0,0,0,4,5,0,1,2,2,0,0,2,0,2,1,0,0,1,0,0,0,50
333,29,39,45,41,0,0,0,4,2,0,1,2,2,2,2,2,4,1,1,1,2,1,0,2,0,49
334,35,20,45,18,0,0,0,4,2,0,0,0,1,1,0,0,0,1,1,2,2,1,1,1,0,156
335,33,33,45,41,0,1,0,3,2,1,1,1,2,1,1,0,3,2,0,1,1,1,0,1,0,156
336,27,20,45,2,0,0,0,3,5,0,1,0,1,0,0,0,4,2,1,0,0,1,0,1,0,112
337,36,20,45,8,0,0,0,4,5,0,1,0,1,0,0,0,0,0,1,1,1,1,1,0,0,156
338,33,20,44,45,0,0,0,2,0,1,1,0,0,1,1,0,0,2,0,0,0,1,0,1,0,156
339,25,8,45,41,0,1,1,3,2,0,1,2,2,1,1,2,0,1,1,1,2,1,1,0,0,156
340,23,20,45,0,0,1,1,3,1,0,0,0,0,1,1,0,0,1,1,2,2,0,2,0,0,151
341,54,16,45,2,0,1,1,0,5,0,1,0,0,2,2,0,0,1,1,0,2,1,1,0,0,156
342,22,20,45,2,0,0,0,3,5,0,1,0,0,0,0,0,0,0,1,1,0,1,0,0,0,156
343,25,42,45,2,0,1,1,3,5,0,1,2,2,0,0,0,0,0,1,1,1,1,1,2,0,156
344,29,20,3,45,0,0,0,1,4,0,0,0,0,1,1,0,0,0,1,2,2,0,0,0,0,74
345,27,20,45,15,0,0,1,3,5,0,1,2,2,2,2,2,0,1,1,0,0,1,2,2,0,156
346,30,20,44,45,0,0,0,0,4,0,1,1,0,1,0,0,4,1,1,1,2,1,0,2,0,5
347,26,39,45,2,0,1,1,1,5,0,1,2,1,0,2,0,0,0,1,1,0,1,1,0,0,156
348,25,10,41,45,0,1,0,3,4,0,1,2,2,2,1,0,2,1,1,1,2,1,1,1,0,156
349,31,20,45,2,0,0,1,3,3,0,0,1,2,1,0,2,0,1,1,1,0,1,1,1,0,156
350,33,16,45,11,0,1,1,3,2,0,1,0,1,1,1,0,0,0,1,1,1,1,1,0,0,156
351,34,16,45,41,0,1,1,3,5,0,1,2,2,0,2,2,0,0,0,0,0,1,1,0,0,156
352,34,20,45,41,0,0,1,3,1,1,1,1,0,1,1,0,2,2,2,1,1,1,0,0,0,156
353,29,16,45,11,1,0,0,4,0,1,1,1,2,1,1,2,4,1,1,2,2,0,0,2,0,156
354,33,9,45,41,0,0,0,4,4,0,1,1,0,1,1,0,1,0,1,1,1,1,1,0,0,156
355,34,39,17,45,1,1,1,2,2,1,1,1,0,1,0,0,1,1,1,2,2,1,0,2,0,156
356,26,39,45,30,1,1,1,2,1,1,0,1,0,1,0,1,0,0,1,1,2,1,2,1,0,156
357,32,20,45,18,0,1,1,2,5,0,0,2,2,2,2,2,0,1,1,1,2,1,2,2,0,156
358,329,20,45,29,0,0,1,1,4,1,1,2,2,1,1,0,0,0,1,1,0,1,1,1,0,156
359,28,20,45,7,0,1,1,3,5,0,1,0,1,1,0,0,1,0,0,0,0,1,1,1,0,156
360,35,20,45,2,0,1,0,4,5,0,1,2,0,2,2,2,4,1,1,1,2,1,1,0,0,156
361,36,20,45,45,0,1,1,1,1,0,1,1,2,1,1,2,4,1,1,1,1,1,1,0,0,156
362,21,20,45,11,0,1,1,2,1,0,1,2,0,1,0,2,0,1,1,2,2,0,0,0,0,156
363,21,20,44,45,0,0,1,3,4,0,0,0,1,1,1,1,4,2,1,1,0,1,0,1,0,156
364,22,8,45,41,0,0,0,4,5,0,1,2,0,2,2,2,2,1,1,0,1,1,1,2,0,156
365,41,37,45,41,0,1,1,1,5,0,1,2,0,2,2,0,1,0,1,2,1,1,0,1,1,156
366,55,16,45,32,0,1,1,2,5,0,1,2,2,2,2,2,4,1,1,2,2,1,1,2,0,101
367,32,8,45,41,0,0,1,3,2,0,1,2,2,2,2,2,2,0,1,1,2,1,0,2,0,96
368,21,8,45,2,0,1,1,2,2,0,1,0,1,0,1,0,2,2,1,1,0,1,2,0,0,156
369,45,16,45,15,0,0,1,0,2,1,1,2,2,0,0,0,0,0,1,0,1,1,0,0,0,156
370,27,35,45,41,0,0,1,2,5,0,1,2,2,1,1,2,0,2,0,0,0,1,1,1,0,156
371,25,10,45,41,0,1,1,3,2,1,1,0,0,1,1,0,0,0,1,1,2,1,1,2,0,156
372,34,48,45,28,0,1,1,2,5,0,0,2,2,2,2,2,3,0,0,1,1,1,1,2,0,55
373,26,8,45,2,0,1,1,0,5,0,1,2,2,1,2,2,0,0,1,0,0,1,1,0,0,156
374,41,20,7,45,0,0,1,0,3,0,1,2,1,1,0,0,2,1,1,1,1,1,1,0,0,156
375,27,20,45,2,0,0,1,2,5,0,1,2,0,2,2,2,0,1,1,1,2,1,0,2,0,156
376,31,18,45,11,0,1,1,3,2,1,1,2,0,1,1,0,0,1,1,2,2,1,1,0,0,156
377,25,20,17,45,0,1,1,1,2,1,1,1,0,1,1,2,2,1,1,2,2,1,2,1,0,156
378,26,16,45,27,0,0,1,3,4,0,1,0,0,1,1,0,0,2,2,1,0,1,1,1,0,156
378,27,35,45,3,0,1,1,2,5,1,1,2,2,1,0,0,0,0,0,0,2,1,1,0,0,156
379,42,20,29,45,0,0,0,0,3,0,1,0,1,1,1,0,0,1,1,1,2,0,0,0,0,156
380,29,26,45,2,1,1,1,3,0,1,1,2,2,1,1,0,3,2,1,1,0,1,0,1,0,156
381,25,35,45,2,0,0,1,3,4,0,1,0,1,1,1,0,1,2,1,1,0,1,0,0,0,156
382,33,10,41,45,0,1,1,2,5,0,1,2,2,1,2,2,0,0,1,1,0,1,2,0,0,156
383,99999999999,2,47,45,1,1,1,1,0,0,1,1,2,1,1,1,3,2,2,0,0,2,1,1,1,156
383,40,35,45,32,0,1,1,2,5,0,0,2,0,0,0,0,2,0,0,0,0,1,1,0,0,156
384,31,20,45,34,0,0,0,0,5,0,1,0,0,1,0,0,2,2,1,1,0,1,1,0,0,156
385,26,20,7,45,0,1,1,1,2,1,1,0,0,0,0,0,4,1,1,2,2,1,1,2,0,156
386,24,35,45,37,0,1,0,4,3,0,0,1,0,1,1,1,3,2,0,0,0,1,0,1,1,156
387,29,20,45,37,0,0,0,0,5,0,0,2,1,1,0,0,0,0,1,1,1,1,1,0,0,156
388,48,16,44,45,0,0,0,4,2,0,1,0,0,1,1,0,0,0,0,0,0,1,1,1,0,156
389,35,20,44,45,0,0,0,3,4,0,1,1,0,1,1,0,3,0,0,1,2,1,0,1,1,156
390,32,35,45,0,0,0,0,0,1,0,1,0,1,1,1,0,0,0,1,0,1,1,0,0,0,156
391,29,20,7,45,0,0,1,3,1,0,1,0,1,0,0,2,2,0,1,1,1,1,0,2,0,12
392,26,20,45,31,0,1,1,1,4,0,1,2,2,1,1,0,1,0,1,1,2,1,1,1,0,156
393,28,20,45,25,0,1,1,3,2,0,1,2,2,1,1,0,0,0,1,1,0,1,0,1,0,156
394,23,39,45,2,0,0,0,4,5,0,1,0,0,1,0,0,0,1,1,1,2,1,0,1,0,156
395,35,16,45,2,0,1,1,3,1,0,1,2,2,1,1,0,3,0,0,1,1,1,0,1,1,69
396,29,39,17,45,0,1,1,3,2,0,1,0,0,1,1,0,4,0,1,1,1,0,0,0,0,156
397,26,20,45,2,0,1,0,4,4,0,1,2,2,1,2,2,4,1,1,1,2,0,0,1,0,156
398,33,20,45,24,0,1,1,0,2,1,1,2,2,2,2,0,0,2,0,2,1,1,1,2,0,156
399,33,20,45,2,0,0,0,4,5,1,1,0,0,0,0,0,0,2,1,1,0,1,0,2,0,156
400,22,20,5,45,1,0,0,0,4,1,1,0,0,1,1,0,2,1,1,2,2,0,1,0,0,156
401,30,35,40,45,0,1,0,4,3,0,1,1,0,1,1,0,0,2,0,0,0,1,1,0,0,156
402,33,39,45,29,0,1,1,1,5,1,1,2,2,1,1,0,2,2,1,0,0,1,1,1,0,156
403,31,10,45,29,0,1,1,2,5,0,0,0,1,1,0,0,3,2,0,0,0,1,0,1,0,156
404,21,39,45,15,0,1,0,0,5,0,1,0,1,0,0,0,0,1,1,1,1,1,0,0,1,156
405,31,7,44,45,0,1,1,3,5,0,1,0,0,1,1,0,0,2,0,0,0,1,2,2,0,156
406,26,8,45,30,0,0,1,3,1,1,1,0,1,0,0,0,1,1,1,1,1,1,1,2,0,156
407,30,20,45,2,0,1,0,1,4,0,1,0,0,1,0,0,2,0,1,1,2,1,1,0,0,156
408,30,36,17,45,0,1,1,3,1,0,1,0,1,1,1,0,1,1,1,2,2,0,0,1,0,75
409,23,20,20,45,0,0,0,4,4,0,1,1,0,1,1,0,0,1,1,1,2,0,0,1,0,156
410,34,20,14,45,0,0,0,0,4,0,1,1,0,1,1,0,2,1,1,2,2,1,0,0,0,156
411,55,16,45,9,0,1,1,3,0,1,1,1,2,1,0,0,0,2,0,0,0,1,1,1,1,156
412,28,39,17,45,0,1,1,2,0,1,1,2,0,1,1,2,4,1,1,2,2,1,1,2,0,153
413,26,16,46,45,0,0,0,4,2,1,1,0,0,0,1,0,0,1,1,1,0,1,2,0,0,156
414,28,20,29,45,0,1,1,3,4,1,1,2,2,2,1,0,4,1,1,2,2,2,2,2,0,156
415,32,20,44,45,0,1,1,3,4,0,1,1,0,1,0,0,2,1,1,1,2,1,1,0,0,156
416,28,10,45,28,0,0,1,2,5,0,0,2,2,1,0,0,0,0,1,0,0,1,1,0,0,156
417,21,16,45,2,0,0,0,3,4,0,0,0,1,1,2,2,0,1,1,1,1,0,0,2,0,156
418,24,20,45,37,0,1,1,3,1,0,1,1,2,1,1,0,1,2,1,1,1,1,0,1,1,156
419,26,10,45,16,0,0,0,4,5,0,0,2,1,2,0,0,0,0,1,1,0,1,1,0,0,156
420,23,20,45,11,0,0,0,4,5,0,0,2,0,1,1,0,0,1,1,2,0,1,2,0,0,156
421,24,10,45,31,0,0,0,4,5,0,1,2,2,2,2,2,2,1,1,1,1,2,2,2,0,156
422,28,20,7,45,1,0,0,0,1,1,1,0,0,1,1,0,2,0,1,1,2,1,1,2,0,156
423,24,8,45,28,0,1,1,2,4,0,1,1,0,1,1,0,4,2,1,0,1,1,2,2,0,156
424,33,39,45,21,1,0,1,1,0,1,1,1,0,1,1,2,2,2,0,1,1,2,2,0,0,156
425,34,39,45,25,0,0,0,3,2,0,1,0,0,1,1,0,0,0,1,2,2,1,0,0,0,156
426,27,35,45,2,0,0,1,3,2,0,1,0,1,1,1,0,1,0,0,1,1,1,1,0,0,47
427,28,20,45,36,0,0,0,0,4,0,1,0,0,1,0,0,0,1,1,1,2,1,1,0,0,156
428,26,20,45,41,0,0,0,4,5,0,1,0,1,0,0,0,0,1,1,1,2,1,1,0,1,156
429,20,20,0,45,0,0,0,4,1,1,1,0,1,0,0,2,4,1,1,1,2,1,1,0,0,156
430,23,35,45,15,0,0,1,3,2,0,1,2,2,1,0,0,0,0,1,1,0,1,0,0,0,156
431,29,20,45,32,0,1,1,2,0,1,1,2,2,2,2,2,2,1,1,2,2,0,0,2,0,156
432,26,20,44,45,0,1,0,3,4,0,1,1,0,1,1,0,0,0,0,0,0,1,0,1,0,156
433,36,20,45,13,0,0,0,2,5,1,1,2,0,2,0,0,2,0,1,0,0,1,1,0,0,156
434,41,37,45,32,0,0,1,3,5,0,1,2,2,2,2,2,0,0,1,1,2,0,2,2,1,156
435,33,35,45,15,0,0,0,4,1,1,1,2,0,0,1,0,0,1,1,1,2,1,1,2,0,156
436,23,16,7,45,0,1,1,3,4,0,1,2,2,1,1,2,4,1,1,2,2,1,1,2,0,156
437,39,20,45,2,0,1,0,1,5,0,1,2,0,1,0,0,0,2,1,1,1,1,0,1,1,156
438,34,16,45,40,0,1,0,4,5,0,1,2,1,0,0,0,0,0,1,1,1,1,0,0,1,156
439,26,8,45,2,0,0,1,3,1,0,1,2,2,1,1,0,1,2,0,1,1,1,1,1,1,156
440,24,20,45,1,0,0,1,2,2,0,1,2,2,2,1,0,0,1,1,1,2,1,1,0,0,156
441,37,20,7,45,0,1,1,2,5,0,0,2,2,2,2,0,0,0,0,1,1,1,1,0,0,156
442,43,20,45,15,1,1,1,1,4,1,1,2,2,1,1,2,4,1,1,2,2,0,0,2,0,116
443,40,14,45,39,0,1,0,0,5,0,1,2,2,2,0,2,0,2,0,0,1,1,0,2,0,156
444,30,39,45,41,0,1,1,1,5,0,1,2,2,2,1,0,3,2,1,1,0,1,1,1,1,156
445,34,16,45,2,0,0,1,3,4,0,1,0,1,1,1,0,0,2,2,1,0,1,1,0,0,107
445,27,20,45,31,0,1,1,3,1,0,1,0,1,1,0,0,0,2,1,0,0,1,2,0,0,156
446,36,20,45,18,0,0,0,3,5,0,1,0,0,1,1,2,2,1,1,2,2,0,2,0,0,156
447,27,20,5,45,0,0,0,2,4,0,1,1,2,1,1,0,2,0,1,1,1,1,0,1,0,156
448,35,20,28,45,0,1,0,0,1,0,1,2,0,1,1,2,0,2,1,0,0,1,0,0,0,104
449,32,20,44,45,0,0,0,0,4,0,1,1,0,1,1,0,0,0,1,1,0,1,2,2,0,156
450,37,16,45,31,0,0,0,4,3,0,1,2,0,1,1,0,0,0,0,1,1,1,1,0,0,156
451,29,20,44,45,0,0,0,4,2,0,1,0,0,0,0,0,0,1,1,1,2,0,0,2,0,156
452,33,11,45,2,0,0,0,0,3,0,1,2,1,2,2,0,4,0,1,1,2,1,1,2,0,29
453,28,18,45,38,0,0,0,3,4,1,1,1,2,1,1,0,2,2,0,1,0,1,1,0,0,156
454,26,10,45,2,0,1,0,0,2,0,1,0,1,1,1,0,1,0,0,1,0,1,0,1,0,156
455,27,16,45,37,0,1,1,3,4,1,1,0,0,2,0,0,2,2,1,1,2,1,0,2,0,156
456,38,20,44,45,1,0,1,3,2,1,1,1,0,1,1,2,2,0,0,1,2,1,0,2,0,156
457,57,16,45,2,0,1,1,2,5,0,1,2,2,1,1,0,0,0,1,1,2,1,0,1,0,156
458,28,20,44,45,0,0,1,3,5,0,1,1,0,1,1,1,3,2,0,0,1,1,0,1,0,156
459,26,39,15,45,0,0,0,0,4,0,1,1,2,1,1,0,0,0,1,2,2,0,0,1,0,156
460,42,33,28,45,0,0,1,2,1,1,1,2,2,1,1,2,0,2,1,1,0,1,0,0,0,156
461,31,20,45,31,0,0,1,3,1,1,1,2,2,2,2,2,4,1,1,1,2,1,1,2,0,156
462,58,20,45,2,0,0,1,2,5,0,1,2,2,2,2,2,2,0,1,1,2,1,2,2,0,156
463,29,20,45,29,0,0,0,3,4,0,1,0,0,1,1,0,3,2,1,0,0,1,0,1,0,156
464,39,10,44,45,0,0,1,3,5,0,1,2,2,1,2,0,0,2,1,1,1,1,0,1,1,156
465,34,20,45,29,0,0,0,3,4,1,1,0,0,1,1,0,3,0,1,1,2,1,0,0,0,156
466,57,20,45,2,0,0,1,3,5,0,1,2,1,2,2,0,0,0,0,0,0,1,0,0,0,156
467,27,20,17,45,0,1,1,3,4,0,1,1,1,1,1,0,1,2,0,1,0,1,1,1,1,156
468,23,39,17,45,1,1,1,1,2,1,1,0,0,0,0,0,0,1,0,2,2,0,2,0,0,160
469,18,39,14,45,0,0,0,4,3,1,0,0,0,1,0,0,4,2,1,0,0,1,0,0,0,156
470,30,35,45,28,0,0,0,4,1,0,1,0,1,1,1,0,0,0,1,1,2,1,0,0,0,156
471,23,20,45,39,0,0,0,0,2,0,0,0,1,0,0,0,0,1,1,2,2,0,2,2,0,156
472,43,16,45,2,0,0,1,3,5,0,1,2,2,2,2,2,2,2,0,0,0,1,2,0,0,156
473,18,10,44,45,0,1,1,3,0,1,1,0,1,0,0,0,0,0,0,1,1,0,0,0,0,30
474,29,39,45,10,0,0,1,2,4,0,1,2,2,1,1,0,0,0,1,1,0,1,0,0,0,156
475,48,16,45,37,0,0,0,0,4,0,1,0,0,1,0,0,0,0,1,0,0,1,0,0,0,156
476,43,39,17,45,0,0,1,3,2,0,0,1,2,0,1,0,2,0,1,1,1,1,2,1,1,156
477,28,10,45,28,0,1,1,3,2,0,1,0,1,1,1,0,0,2,0,1,0,1,0,0,0,156
478,30,20,45,2,1,1,1,1,0,1,1,1,2,1,1,2,4,1,1,2,2,1,1,2,0,156
479,26,20,22,16,0,0,0,3,4,0,1,1,0,1,1,2,4,0,1,1,2,1,0,2,0,81
480,33,20,23,45,0,0,0,0,4,0,0,1,0,1,1,0,0,0,0,1,1,1,1,1,0,156
481,31,20,45,2,0,0,0,4,5,0,1,2,1,0,0,2,0,1,1,0,1,1,1,2,0,156
482,30,16,45,32,0,0,0,2,1,0,0,0,1,1,1,0,0,1,1,1,1,1,1,0,0,156
483,27,20,22,45,0,0,0,4,2,0,1,1,0,1,1,0,1,2,1,1,0,1,0,1,1,156
484,24,10,45,2,1,1,1,3,0,1,1,1,0,0,0,0,0,1,1,1,1,1,1,0,1,156
485,25,39,45,41,0,0,0,4,2,0,1,0,1,0,0,0,0,0,1,1,0,1,1,0,0,156
486,23,10,45,28,0,1,1,1,5,0,1,2,1,0,1,0,0,0,1,1,1,1,1,2,1,156
487,36,37,45,37,0,0,1,3,5,0,0,2,1,1,1,0,1,2,0,1,0,1,1,1,1,121
488,25,35,45,2,1,1,1,1,0,1,1,0,1,1,1,2,1,2,1,1,0,1,0,1,1,156
489,54,20,44,45,0,0,1,3,5,1,0,1,2,2,2,2,4,1,1,2,2,0,0,1,0,156
490,34,20,28,45,0,0,0,2,4,0,1,0,1,0,0,0,2,1,1,1,1,1,0,2,0,3
491,38,35,45,1,0,0,1,4,2,0,1,2,2,1,1,2,0,0,0,0,0,1,1,1,0,156
492,40,20,21,45,1,1,0,4,5,0,1,1,0,1,1,1,0,2,0,1,0,1,0,1,1,156
493,32,39,44,45,0,0,0,4,2,0,1,1,1,1,0,0,0,1,1,0,1,1,0,0,0,156
494,25,20,17,45,0,0,0,0,5,0,0,0,1,0,2,0,0,1,1,2,2,1,2,0,0,156
495,35,10,45,29,0,0,1,3,1,0,1,1,2,1,1,0,0,2,0,0,0,1,0,1,0,156
496,46,39,45,2,0,0,1,3,5,0,1,2,2,2,2,0,0,0,1,1,0,1,1,2,0,156
497,42,39,45,12,0,0,0,0,1,0,0,2,0,2,1,0,3,0,1,2,2,0,2,1,0,156
498,32,39,44,45,0,1,1,3,4,1,1,2,0,1,1,0,0,1,1,2,2,0,0,2,0,156
499,47,16,45,2,0,1,1,3,5,0,1,2,2,2,2,0,4,1,1,1,2,1,2,2,0,156
500,22,20,45,2,0,0,0,4,5,0,1,2,1,2,0,2,0,1,1,1,2,1,0,2,0,156
501,33,10,45,28,0,0,1,3,3,1,1,2,2,2,2,0,4,1,1,1,1,1,1,0,0,156
502,25,33,45,41,0,0,0,3,4,0,1,1,0,1,1,1,2,0,1,1,0,1,1,2,0,156
503,29,16,45,2,0,0,0,4,5,0,1,0,1,1,0,0,0,0,1,0,0,1,0,0,0,156
504,39,20,45,41,0,0,0,0,2,0,1,2,2,2,2,2,4,1,1,2,2,1,1,2,0,57
505,38,39,45,39,0,1,1,3,5,0,1,2,1,2,2,2,0,2,1,0,0,1,1,1,0,156
506,43,20,45,22,0,0,0,4,4,1,1,0,0,1,0,0,0,0,1,1,0,1,1,0,0,156
507,46,20,45,29,0,0,1,2,3,1,1,2,1,2,2,2,0,1,1,1,2,1,0,2,0,156
508,38,10,45,32,0,1,1,3,5,0,0,2,2,2,2,2,4,0,1,2,2,1,1,1,1,156
509,33,20,17,45,0,0,1,3,4,0,1,2,2,1,1,2,4,2,2,1,1,1,0,1,0,156
510,34,20,44,45,0,1,1,1,2,0,1,1,2,1,1,2,4,0,0,2,2,1,1,1,0,156
511,62,16,45,2,0,0,0,0,5,0,1,2,2,0,2,0,0,0,1,1,2,0,0,2,0,156
512,23,8,45,37,0,0,0,4,5,0,0,0,1,0,0,2,0,0,0,1,1,1,1,0,0,156
513,35,20,45,1,0,0,0,4,5,0,0,1,0,1,1,0,0,0,0,0,0,1,1,1,0,156
514,25,20,4,45,0,1,0,2,2,1,1,0,1,0,0,0,0,0,2,0,0,1,1,0,1,156
515,36,16,45,10,1,1,1,3,0,1,1,0,2,0,1,2,1,0,1,1,2,1,2,2,0,156
516,41,10,45,45,0,1,1,2,3,1,1,2,2,2,2,2,4,0,0,1,1,1,1,2,0,156
517,24,39,1,45,1,0,0,3,0,0,1,2,2,0,0,2,2,1,1,1,1,0,0,2,0,156
518,51,20,29,45,0,0,1,3,2,1,1,1,2,2,1,1,1,2,2,0,0,1,1,0,1,156
518,29,16,45,22,0,0,1,3,4,0,1,2,2,1,2,2,4,1,1,0,1,1,1,2,0,156
519,31,10,7,45,1,1,1,3,1,1,1,0,1,0,0,0,0,0,0,1,2,1,1,2,0,156
520,27,20,44,45,0,0,0,4,4,0,1,1,0,1,1,0,0,1,1,1,2,1,2,0,0,156
521,31,20,0,45,0,0,1,2,1,0,1,2,2,2,2,0,2,1,1,2,2,2,2,1,0,156
522,27,35,19,45,1,1,0,3,0,1,1,1,0,1,1,1,3,2,0,0,0,1,0,1,0,156
523,23,20,41,45,0,0,0,2,4,0,1,0,0,1,0,0,4,1,1,1,2,0,0,2,0,156
524,21,20,7,45,0,0,0,0,2,0,1,0,1,0,1,0,0,2,0,0,0,1,0,0,0,156
525,27,10,0,45,0,1,1,3,4,0,1,1,2,1,1,1,1,2,1,1,1,1,1,1,0,156
526,39,16,45,42,0,1,1,1,2,1,1,2,2,2,2,0,2,2,1,1,2,1,1,1,0,156
527,26,16,45,2,0,1,1,0,5,0,1,0,0,1,0,0,0,0,1,0,0,1,1,1,0,156
528,27,20,44,45,0,0,0,0,4,0,1,0,0,1,1,0,0,0,0,1,1,1,1,0,0,156
529,22,10,45,2,0,1,1,3,3,0,1,2,2,1,0,0,0,1,1,1,1,1,1,1,1,156
530,26,8,45,19,0,1,1,1,1,0,0,0,0,1,1,0,1,0,1,0,0,1,0,1,0,156
531,31,10,45,32,0,1,1,2,1,0,1,2,2,1,1,2,2,1,1,2,2,1,1,2,0,156
532,32,39,44,45,0,0,0,0,4,0,1,0,0,1,1,0,0,1,1,2,2,2,2,2,0,156
533,28,35,45,2,0,1,1,1,1,1,1,2,0,1,0,0,0,2,2,1,1,1,1,1,1,156
534,28,3,44,45,0,1,1,2,1,0,1,1,1,1,1,2,1,2,2,1,1,2,1,1,1,27
535,23,35,44,45,0,0,0,4,4,0,1,0,1,1,1,0,4,0,1,0,1,1,2,2,0,156
536,30,20,44,45,0,0,0,0,2,1,1,0,1,0,0,0,4,1,1,2,2,0,0,2,0,156
537,36,20,45,2,0,1,1,3,5,0,1,2,0,1,2,0,1,2,1,1,2,1,2,1,0,156
538,21,16,45,2,0,1,0,4,5,0,1,2,2,2,2,2,0,1,1,1,2,1,0,2,0,156
539,30,39,17,45,0,0,0,1,2,0,1,1,0,0,1,0,2,0,1,1,1,0,2,0,0,156
540,25,30,45,2,0,1,0,4,3,0,0,0,1,1,1,0,0,0,1,1,1,1,0,0,0,66
541,32,20,29,45,0,0,1,3,4,0,1,1,0,1,1,0,4,1,1,1,2,0,2,0,0,45
542,29,35,7,45,0,0,1,3,0,0,1,1,0,1,1,0,0,0,1,1,1,1,1,2,0,130
543,21,1,44,45,0,0,1,3,2,0,1,1,2,2,1,2,2,0,1,1,1,1,1,2,0,156
544,27,10,29,45,0,1,1,2,1,1,1,1,0,1,1,0,2,0,0,1,1,1,2,0,0,156
545,32,10,7,45,0,0,1,1,5,0,0,0,1,0,0,0,0,0,1,1,1,1,1,0,0,156
546,34,16,0,45,0,0,0,3,5,0,1,2,2,2,2,2,4,1,1,1,2,1,0,2,0,156
547,33,16,45,28,0,0,0,4,2,0,1,0,0,0,0,0,0,2,1,1,0,1,0,0,0,62
548,22,20,28,45,0,1,1,3,4,1,1,1,1,1,0,0,2,1,1,1,2,0,2,2,0,156
549,24,16,45,2,0,0,0,4,5,0,1,0,1,0,0,0,0,0,0,1,1,1,1,2,0,156
550,65,20,45,6,1,0,0,4,4,1,0,1,0,1,1,0,4,0,1,1,0,1,1,2,0,156
551,27,20,45,31,0,1,1,3,1,1,1,0,0,1,0,0,0,1,1,1,0,1,1,2,0,156
552,33,20,0,45,0,0,0,0,5,0,1,0,1,0,0,2,4,1,1,1,2,0,2,2,0,156
553,36,20,45,3,0,0,1,2,2,0,1,0,1,1,0,0,0,1,1,1,1,1,1,0,0,156
554,40,20,7,45,0,0,0,0,2,0,1,1,0,1,1,0,1,1,1,1,1,1,1,1,0,156
555,28,39,45,7,0,0,1,3,5,0,1,2,2,1,1,2,1,0,1,1,0,1,0,1,0,156
556,39,20,45,31,0,0,1,3,3,0,1,2,1,2,0,2,0,2,0,2,2,1,0,0,0,156
557,32,20,45,2,0,0,1,3,5,0,1,2,0,1,2,0,2,1,1,2,1,0,2,0,0,156
558,31,39,45,2,0,1,0,3,5,0,1,2,1,0,0,0,2,0,1,0,1,1,2,1,0,91
559,38,18,45,32,0,1,1,3,1,0,1,0,0,1,1,0,0,0,0,1,0,1,1,0,0,156
560,23,20,45,2,0,1,1,2,0,0,1,1,2,1,1,0,0,0,1,1,2,1,1,2,0,156
561,42,18,45,2,0,0,1,1,5,0,1,2,2,2,2,2,2,0,0,2,2,0,0,0,0,156
562,27,10,45,28,0,0,0,3,3,0,1,0,1,0,2,0,0,1,1,1,2,1,1,2,0,156
563,26,10,45,15,0,1,1,3,2,0,1,2,2,1,1,2,1,1,1,2,2,1,1,1,1,156
564,50,20,45,45,0,0,0,0,2,1,1,1,2,1,1,0,0,1,1,0,0,1,0,1,0,156
565,37,20,45,32,0,1,0,0,2,0,1,0,0,1,0,0,2,1,1,2,2,1,1,2,0,156
566,23,20,45,33,0,0,0,4,2,0,1,0,0,0,1,0,0,1,1,2,2,1,0,0,0,156
567,33,16,45,18,0,1,0,3,4,1,1,0,1,1,1,2,4,1,1,1,2,1,1,2,0,156
568,29,39,7,45,1,0,0,0,2,1,1,2,2,1,1,2,3,2,1,1,0,1,2,1,0,156
569,34,20,45,10,0,1,1,3,2,1,0,2,0,1,1,0,0,0,1,1,1,1,0,0,0,127
570,41,39,45,2,0,1,1,1,5,0,1,2,0,1,1,0,0,0,0,1,1,1,1,0,1,156
571,50,20,45,31,0,1,0,4,1,1,1,0,0,1,0,0,0,1,1,1,2,0,0,0,0,156
572,29,20,7,45,0,0,1,0,5,0,0,2,1,2,2,2,1,0,1,1,0,1,0,0,1,18
573,35,20,45,11,0,0,0,0,4,0,1,1,2,1,1,2,4,1,1,1,2,0,0,2,0,156
574,27,20,37,45,0,0,0,3,0,1,1,1,0,1,1,2,0,2,1,1,2,1,1,1,0,92
575,40,10,45,15,0,0,0,0,2,0,0,0,1,1,1,0,2,0,0,2,2,0,0,0,0,156
576,27,20,0,45,0,0,1,1,1,1,1,1,0,1,1,0,0,0,1,1,0,1,0,1,1,156
577,29,33,45,18,0,0,0,0,2,0,1,2,2,2,1,2,0,0,1,1,1,1,0,0,1,156
578,31,20,45,29,0,1,1,3,4,0,1,1,0,1,1,0,2,0,1,2,2,1,0,0,0,156
579,43,20,45,29,0,0,1,3,4,0,1,1,2,1,1,0,2,1,1,2,2,1,0,0,0,156
580,34,20,45,24,0,1,1,3,2,1,1,2,2,1,1,0,0,0,1,1,1,1,2,0,1,156
581,29,20,45,29,0,1,1,3,2,0,1,0,0,1,1,1,1,2,1,1,1,1,0,0,0,82
582,19,20,7,45,0,1,1,3,0,0,1,1,0,1,1,0,0,0,0,1,0,1,0,0,0,156
583,41,37,45,36,0,1,1,3,5,0,1,2,1,2,2,0,0,0,1,1,1,1,1,1,0,156
584,29,20,45,31,0,1,0,0,1,0,1,2,2,2,2,0,0,1,1,1,2,1,0,2,0,156
585,23,20,45,32,0,0,0,2,1,0,1,2,1,0,0,0,0,1,1,1,1,1,1,2,0,156
586,24,10,45,45,0,1,1,3,1,0,1,2,1,1,1,0,1,2,0,0,0,1,1,1,1,156
587,31,16,45,28,0,0,0,4,2,1,1,0,0,1,0,0,0,2,1,0,0,1,0,0,0,156
588,43,20,45,41,0,0,0,4,3,1,1,0,1,0,0,0,0,1,1,2,2,1,1,2,0,156
589,31,20,45,28,0,1,1,2,1,0,1,1,0,1,0,0,1,2,2,1,0,1,1,1,1,156
590,29,20,45,2,0,1,0,1,1,0,1,2,2,2,2,0,0,1,1,1,2,1,1,0,0,156
591,35,20,45,36,1,1,0,4,4,1,1,1,0,2,2,0,4,1,1,2,2,1,0,2,0,134
592,33,20,45,42,0,1,1,3,1,0,0,2,1,1,1,2,1,2,2,0,0,1,1,1,0,156
593,30,32,45,42,1,1,1,1,0,1,0,1,2,1,2,2,1,1,1,2,2,1,1,2,0,11
594,27,39,45,32,0,0,0,4,5,0,1,2,1,0,0,2,0,0,0,0,0,1,0,1,0,156
595,32,20,45,18,0,0,0,3,1,0,1,1,2,1,1,0,0,0,0,1,1,1,1,1,0,156
596,50,20,45,44,0,0,0,3,0,1,1,0,0,1,0,0,0,2,0,1,1,1,0,0,0,56
597,24,39,45,13,0,0,0,0,2,0,0,0,1,1,1,0,0,0,2,1,0,1,0,1,0,156
598,27,20,45,28,0,0,0,4,2,0,1,0,0,1,1,0,0,1,1,2,2,1,0,2,0,156
599,27,20,0,45,0,0,0,0,0,1,1,1,0,1,1,0,0,2,1,0,0,1,0,0,0,156
600,32,20,45,37,0,0,1,3,4,0,1,1,2,1,1,2,2,1,1,1,2,0,0,2,0,53
601,42,20,45,42,1,0,0,2,4,1,0,1,2,1,1,0,4,1,1,1,2,0,0,2,0,156
602,37,20,45,41,0,0,0,1,5,0,0,0,0,1,1,0,0,0,1,1,0,1,1,1,0,156
603,30,20,37,45,0,0,0,3,2,0,1,0,1,1,1,0,2,0,1,1,0,1,2,1,1,156
604,29,20,45,41,0,0,0,2,5,0,1,2,0,1,1,0,4,2,0,1,0,1,1,0,0,156
605,30,20,45,7,1,0,1,1,4,1,1,1,1,1,2,0,1,1,1,2,2,1,0,2,0,156
606,35,20,45,18,0,0,0,0,2,0,1,2,0,2,0,0,0,1,1,1,1,0,0,2,0,156
607,35,20,45,16,0,1,1,2,1,1,0,2,2,1,1,2,3,2,1,1,0,1,0,1,0,64
608,38,39,28,45,0,1,0,1,2,1,1,1,1,1,0,0,0,0,0,1,1,0,0,0,0,156
609,22,20,44,45,0,1,1,3,1,0,1,2,2,1,1,2,4,1,1,1,2,0,2,2,0,156
610,24,37,17,45,0,1,0,3,1,0,1,0,0,1,1,0,2,1,1,1,1,1,0,0,0,143
611,22,16,28,45,1,0,0,0,0,0,1,0,1,1,1,0,0,1,0,1,2,0,2,1,1,156
612,31,10,45,41,0,0,1,1,2,1,1,2,2,1,1,0,4,0,1,1,1,1,2,0,0,156
613,23,35,45,2,0,1,1,3,5,0,1,2,2,2,2,2,2,2,0,0,0,1,1,0,0,156
614,31,10,45,31,0,1,1,3,1,0,1,0,0,1,1,0,0,1,1,1,1,1,1,0,0,156
615,28,10,45,2,0,1,1,2,3,0,1,2,2,2,2,0,1,0,1,0,1,1,1,1,0,156
616,37,15,7,45,0,1,1,3,1,0,0,2,2,1,1,0,1,2,0,1,1,1,0,1,0,156
617,34,39,45,2,1,1,1,3,4,0,1,1,2,1,1,2,2,1,1,1,1,1,1,1,0,159
618,32,40,7,45,0,0,0,3,2,1,1,1,2,1,1,2,3,2,0,1,0,1,0,1,1,156
619,28,20,45,18,0,1,1,3,2,1,1,2,1,1,0,0,0,2,1,1,1,1,1,0,1,156
620,24,10,44,45,0,0,1,3,1,0,1,1,0,1,1,0,0,0,1,0,1,1,0,0,0,156
621,56,21,45,15,0,1,1,2,4,0,1,2,2,1,1,0,0,2,0,1,1,1,1,0,0,156
622,31,20,17,45,0,0,0,3,4,1,1,1,0,1,1,1,4,1,1,2,2,0,0,2,0,156
623,34,35,45,2,0,0,1,3,1,1,1,2,2,1,0,0,2,0,1,1,2,1,1,2,0,156
624,35,37,17,45,0,0,1,2,1,0,0,0,0,2,0,0,4,1,1,1,2,1,1,2,0,156
625,28,39,17,45,0,0,0,0,2,0,1,1,0,1,1,0,2,1,1,1,1,2,2,0,0,156
626,36,39,33,45,1,1,1,1,4,0,1,1,0,1,1,0,2,1,1,1,2,0,0,2,1,156
627,30,20,44,45,0,0,1,1,2,0,1,1,0,1,1,2,2,1,1,1,2,1,0,2,0,156
628,35,20,45,45,1,0,0,4,0,1,1,2,1,1,1,2,4,1,1,1,2,1,1,2,0,156
629,49,39,24,45,1,1,1,3,0,1,1,1,2,2,1,0,1,2,2,0,0,1,1,1,1,156
630,36,20,17,45,0,0,0,4,2,0,1,2,2,1,1,2,4,1,1,1,2,0,0,2,0,156
631,35,39,17,45,0,0,0,4,2,0,1,1,0,1,1,0,4,0,1,1,1,1,1,0,0,156
632,29,10,0,45,0,1,1,3,5,0,0,2,2,2,2,1,1,2,1,1,1,1,1,1,1,156
633,57,20,45,2,0,0,0,0,2,0,1,2,2,1,2,2,1,2,0,0,0,1,0,0,1,156
634,31,35,3,45,0,1,1,2,1,0,0,2,0,1,1,1,0,0,1,1,0,1,1,0,1,156
635,37,20,21,45,1,0,0,0,4,0,1,1,0,1,1,0,0,2,0,0,0,1,0,0,0,156
636,25,20,21,45,0,1,1,3,2,0,1,1,0,1,1,0,0,0,1,1,1,1,0,1,0,156
637,30,20,0,45,0,0,0,3,2,0,1,1,0,1,1,0,4,1,1,1,1,1,1,0,0,156
638,26,8,0,45,0,1,0,3,1,0,0,1,2,2,2,0,2,1,1,2,2,1,1,0,0,87
639,22,10,28,45,0,0,0,1,4,0,1,1,0,1,1,0,0,1,1,0,1,1,2,0,0,156
640,39,16,45,6,0,0,0,2,5,1,0,0,0,2,2,0,0,1,1,1,1,1,0,0,0,41
641,29,20,44,45,0,1,1,0,1,0,1,0,1,0,0,0,0,0,0,0,0,1,1,1,0,156
642,54,39,44,45,1,1,1,3,0,1,1,0,1,1,1,0,4,1,1,1,2,2,2,0,1,156
643,34,10,0,45,0,1,0,0,3,0,0,0,0,2,2,0,0,2,0,0,0,1,1,0,1,31
644,32,16,45,41,0,0,1,0,3,0,0,2,1,2,2,0,4,0,1,0,0,1,1,2,0,156
645,25,20,30,45,0,0,0,4,4,0,1,1,0,1,1,0,0,0,1,2,2,1,2,0,0,156
646,29,39,33,45,0,0,0,2,0,0,1,1,0,1,1,1,1,1,0,1,0,1,1,2,0,156
647,32,39,17,45,1,0,0,0,0,1,1,1,0,1,1,0,0,1,1,1,2,1,0,0,0,156
648,30,16,44,45,0,1,1,3,5,0,1,2,2,1,0,2,0,0,1,1,2,1,2,2,0,156
649,31,39,17,45,0,0,0,4,4,0,1,0,0,1,0,0,2,1,1,1,2,0,0,0,0,156
650,20,8,42,45,0,0,0,2,5,0,1,2,2,2,2,2,2,1,1,1,1,1,0,2,0,156
651,27,20,44,45,0,0,0,0,0,0,1,0,0,1,0,0,0,1,1,1,2,0,0,0,0,156
652,32,20,45,2,0,0,0,0,5,0,1,0,1,0,0,0,0,0,0,1,1,1,1,0,0,156
653,26,20,21,45,1,0,0,0,0,1,1,1,0,1,1,0,1,0,1,1,2,0,0,2,0,156
654,30,20,23,45,0,0,0,3,5,0,0,0,0,1,1,2,4,1,1,1,1,1,1,0,0,156
655,30,20,21,45,0,0,1,3,2,1,1,1,0,0,1,0,3,0,0,1,0,1,1,1,0,156
656,22,39,20,45,1,0,0,4,0,1,1,0,0,0,0,0,4,0,0,1,1,0,0,2,1,156
657,24,39,21,45,0,0,0,4,5,0,1,0,1,0,0,0,0,1,1,0,0,1,1,0,0,156
658,26,37,28,45,0,0,0,0,2,0,1,1,0,1,1,0,0,0,0,0,0,1,1,0,0,156
659,43,39,15,45,0,0,0,4,1,0,1,0,0,1,1,0,0,1,1,1,2,0,0,0,0,156
660,26,20,36,45,0,0,0,0,2,0,1,1,1,1,0,0,1,1,1,1,0,1,0,0,0,156
661,23,20,45,22,0,1,0,3,4,0,1,0,1,1,0,0,0,0,1,0,0,1,0,0,0,156
662,26,25,7,45,0,0,0,4,1,1,1,2,1,0,2,0,2,1,1,1,1,1,1,2,0,156
663,26,35,22,45,0,1,0,0,1,0,1,0,0,0,0,0,0,0,1,1,0,1,1,2,0,156
664,35,20,7,45,0,1,0,3,2,0,1,0,0,1,1,0,0,0,0,1,1,1,1,1,0,156
665,28,20,45,10,0,0,1,3,2,1,0,0,1,1,0,0,0,1,1,1,2,1,0,0,0,156
666,22,20,20,45,0,0,0,4,2,0,1,1,0,1,1,0,0,0,0,1,2,0,0,0,0,156
667,29,10,45,29,0,1,1,2,4,0,1,0,0,1,1,0,0,2,1,0,0,1,1,0,0,156
668,29,20,17,45,1,0,0,4,0,0,1,1,2,1,1,2,4,1,1,2,2,2,2,2,0,156
669,45,20,45,39,0,0,1,1,0,1,1,2,1,1,2,0,4,1,1,2,2,1,0,2,0,156
670,33,39,6,45,0,0,1,2,2,1,1,1,0,1,1,0,2,0,1,1,1,1,0,0,1,156
671,38,20,45,19,0,0,1,3,5,0,0,2,2,2,2,0,0,1,1,1,2,1,1,0,0,156
672,19,28,45,20,0,1,1,1,2,0,0,0,1,1,1,0,1,0,0,0,0,1,0,1,0,156
673,29,35,7,45,0,0,1,2,5,1,0,2,2,2,0,2,2,1,1,0,2,1,0,0,0,156
674,21,10,44,45,0,0,0,4,4,0,1,1,0,1,1,0,0,2,0,1,0,1,1,0,0,156
675,23,10,20,45,0,1,1,3,5,0,1,0,1,1,0,0,0,2,0,0,0,1,1,0,0,156
676,33,35,45,22,0,1,1,2,5,0,1,2,2,2,2,2,2,1,1,1,2,1,1,2,0,156
677,49,20,45,28,0,1,1,3,1,0,1,2,1,2,2,2,2,0,0,1,2,1,1,2,0,156
678,28,20,45,26,0,0,0,4,2,1,1,0,0,1,1,0,0,0,1,1,0,1,1,0,0,156
679,27,33,44,45,0,0,1,3,4,1,1,0,1,2,0,2,4,1,1,2,2,0,0,2,0,156
680,23,39,7,45,0,0,1,3,4,0,1,2,0,1,1,0,2,0,0,1,1,1,1,0,0,156
681,29,16,28,45,0,0,0,0,0,1,1,1,0,1,1,2,2,1,1,2,2,1,0,2,0,156
682,30,37,17,45,0,0,0,4,2,0,1,0,0,1,0,2,2,1,1,1,0,0,0,0,0,156
683,28,10,7,45,0,0,0,4,5,0,1,2,1,0,0,0,2,1,1,1,2,1,1,0,0,24
684,32,20,44,45,0,0,0,4,4,0,1,1,0,1,1,0,0,2,1,0,0,1,2,1,0,156
685,32,20,44,45,0,0,1,3,2,0,0,2,2,1,1,2,4,1,1,0,2,1,1,2,0,156
686,37,20,15,45,0,0,0,4,1,0,1,1,0,1,1,0,2,0,0,1,1,1,0,1,0,156
687,39,8,45,37,0,0,0,4,5,1,0,1,2,1,1,0,3,2,0,0,0,1,0,1,0,156
688,31,39,15,45,0,0,0,4,3,0,1,0,0,1,0,0,0,0,0,1,0,1,1,2,0,156
689,29,20,45,34,0,0,0,4,4,0,1,1,0,1,0,0,1,0,0,1,0,1,1,0,0,156
690,30,16,45,6,0,0,0,4,1,0,0,2,0,1,0,0,0,0,1,1,2,1,1,0,0,156
691,33,16,45,41,1,1,1,2,0,1,1,1,2,2,2,1,3,1,1,2,2,1,1,2,1,156
692,37,39,45,2,0,1,1,3,1,0,1,2,2,0,0,2,0,0,1,2,2,1,1,0,0,156
693,23,20,45,29,0,0,1,1,2,0,0,2,2,2,1,2,2,1,1,1,2,1,0,2,0,156
693,43,16,45,36,0,1,1,3,2,0,0,2,1,1,2,0,2,2,1,0,0,1,1,1,0,156
694,32,20,44,45,0,0,1,2,1,0,1,0,0,1,1,0,0,0,1,2,2,1,0,1,1,156
695,26,20,45,28,0,0,0,0,2,0,1,0,1,1,1,0,0,2,2,1,0,1,1,1,0,156
696,32,20,45,28,1,0,1,3,0,1,1,0,1,0,0,0,4,1,1,2,2,2,2,0,0,156
697,37,8,45,20,0,0,0,4,2,1,1,0,1,1,0,0,0,2,1,1,0,1,1,0,0,156
698,29,20,45,28,0,0,1,1,2,0,1,2,2,1,1,2,4,1,1,2,2,0,0,2,0,156
699,34,20,44,45,0,0,0,4,4,0,1,1,0,1,1,0,2,0,0,1,2,1,0,0,0,156
700,27,39,15,45,0,0,0,4,4,0,1,0,1,0,0,0,0,1,1,2,2,1,1,2,0,156
701,30,39,45,36,0,1,0,0,1,0,1,0,0,1,0,0,4,1,1,1,2,1,0,0,0,156
702,29,20,45,3,0,0,0,0,4,0,1,2,2,1,2,2,0,0,1,1,1,1,1,1,0,156
703,32,20,45,32,1,1,1,3,0,1,1,2,2,0,0,0,3,2,0,1,0,1,1,1,0,156
704,-1726,39,44,45,0,0,1,3,2,0,0,1,0,1,1,0,1,2,1,0,0,1,0,0,0,156
705,25,20,17,45,0,0,0,4,3,0,1,2,2,0,2,2,2,0,0,1,2,2,2,2,0,156
706,37,39,45,28,1,0,0,4,4,1,1,2,2,2,1,2,2,1,1,2,2,0,0,2,0,156
707,29,20,28,45,0,1,0,4,4,0,1,1,0,1,1,0,4,1,1,1,2,1,0,2,0,156
708,27,25,45,19,0,0,0,4,2,0,1,2,1,1,0,0,0,1,1,2,2,1,1,0,0,156
709,33,20,44,45,0,0,0,4,4,0,1,0,0,1,1,0,0,0,1,1,1,1,0,0,0,156
710,30,39,7,45,0,1,1,3,5,0,0,0,0,1,1,1,3,2,1,1,0,1,2,1,1,156
711,29,39,7,45,0,0,0,4,0,1,1,1,2,1,1,0,1,0,0,2,2,1,0,0,0,156
712,25,20,45,20,0,1,1,0,4,1,1,0,0,2,0,0,0,2,1,1,2,1,1,1,0,156
713,33,20,45,44,0,1,1,3,0,0,0,1,2,1,1,0,0,1,1,1,2,0,0,0,0,156
714,31,20,39,45,0,0,0,0,1,1,1,1,0,1,1,1,0,1,1,1,1,1,0,1,0,19
715,21,39,17,45,0,0,0,2,4,1,1,0,0,1,1,0,4,0,0,1,1,1,0,1,0,156
716,30,20,42,45,0,1,1,3,2,0,1,0,0,1,1,1,3,2,2,0,0,1,1,1,0,156
717,29,20,45,19,0,0,0,4,5,0,0,0,1,0,0,0,0,1,1,2,2,1,1,1,0,156
718,43,20,11,45,1,0,1,3,0,1,1,1,0,1,1,2,3,2,1,2,0,1,0,1,1,156
719,37,37,44,45,0,0,1,1,4,0,1,1,0,1,1,0,0,2,1,2,2,0,2,1,0,156
720,24,20,15,45,0,0,0,4,2,0,1,1,0,2,1,0,0,0,1,2,1,1,1,0,0,156
721,29,20,45,16,0,0,0,4,4,1,1,0,1,1,1,0,4,1,1,2,2,1,1,0,0,156
722,31,20,45,13,0,0,0,4,2,0,0,2,2,2,2,2,0,1,1,2,2,1,1,0,0,156
723,5,20,45,29,0,0,0,4,1,0,1,0,1,1,1,0,2,1,1,2,2,1,1,2,0,144
724,33,20,44,45,1,0,0,0,1,0,0,1,1,1,1,0,4,1,1,2,1,1,2,1,0,156
725,43,39,45,28,0,0,0,4,5,0,0,2,2,0,2,2,0,1,1,1,2,1,0,0,0,156
726,33,20,44,45,0,0,1,3,2,0,1,0,1,1,1,0,0,0,1,1,0,1,0,0,0,156
727,27,20,44,45,0,0,0,4,4,0,1,1,0,1,2,2,0,0,1,2,1,1,2,2,0,156
728,36,20,45,36,0,1,1,3,5,1,0,0,0,0,0,0,0,2,0,0,0,1,0,0,0,156
729,37,39,0,45,0,1,1,3,2,0,1,1,2,1,1,2,4,1,1,1,2,1,0,2,1,156
730,32,39,3,45,0,0,0,4,4,0,1,1,2,1,1,0,3,2,0,0,0,1,1,1,0,156
731,39,20,44,45,0,0,1,3,1,0,1,1,0,1,1,0,4,1,1,0,1,1,2,2,0,156
732,31,20,45,37,0,1,1,3,2,0,1,2,2,1,0,0,2,0,1,1,2,0,2,0,0,156
733,36,20,45,29,0,0,1,3,1,1,1,2,2,1,1,0,3,0,0,1,1,0,0,0,0,22
734,30,20,45,37,1,0,1,3,2,1,1,0,1,0,0,0,0,1,1,1,1,1,2,0,0,156
735,28,39,7,45,0,0,0,4,4,0,1,2,1,1,0,2,4,1,1,1,2,0,0,2,0,156
736,32,20,23,45,0,0,0,4,4,0,1,1,0,1,1,1,1,0,1,1,0,0,0,1,0,85
737,35,20,45,2,0,1,1,2,4,0,1,2,2,2,2,2,4,1,1,1,2,1,1,2,0,114
738,19,20,7,45,0,0,1,3,2,0,1,0,1,1,1,0,1,1,1,1,2,1,2,0,0,156
739,33,37,31,45,0,1,0,4,2,0,1,2,2,1,1,0,4,1,1,1,2,1,1,0,0,156
740,42,39,17,45,0,0,0,4,5,1,1,0,1,2,2,2,4,1,1,1,0,1,0,2,0,156
741,37,20,45,18,0,1,1,3,1,0,1,0,1,0,0,0,0,0,1,1,1,1,1,0,0,156
742,40,20,43,45,1,0,0,0,4,0,1,1,0,1,1,2,4,1,1,1,2,0,0,2,0,156
743,36,16,45,2,0,0,0,0,5,0,1,2,2,2,2,2,4,1,1,1,2,1,1,2,0,156
744,29,10,45,31,0,1,1,3,2,1,0,0,0,1,0,0,0,0,1,1,2,1,0,0,0,156
745,38,33,45,22,0,1,1,3,2,0,0,2,1,1,0,0,0,0,1,0,0,1,1,0,0,59
746,26,16,45,2,0,1,1,3,5,0,1,2,0,2,0,0,1,2,0,0,0,1,0,1,0,156
747,34,39,17,45,0,0,0,2,2,0,1,1,0,1,1,2,2,0,0,0,1,0,0,2,0,156
748,21,20,45,10,0,0,1,1,5,0,0,1,2,1,1,1,0,2,1,1,1,1,2,1,1,35
749,31,20,7,45,1,1,0,3,0,1,1,1,2,1,1,2,2,1,1,0,0,1,1,2,0,32
750,37,10,45,2,0,1,1,2,2,0,0,2,2,2,2,0,0,0,0,2,1,1,0,2,0,156
751,37,20,21,45,0,1,1,3,0,0,1,1,0,1,1,0,4,1,1,2,2,0,0,2,0,156
752,38,20,21,45,0,1,1,3,0,0,1,1,0,1,1,1,3,2,2,0,0,1,1,1,0,156
753,27,10,45,2,0,0,1,3,1,0,1,0,1,2,0,0,2,2,1,1,0,1,0,1,0,156
754,39,20,28,45,1,0,0,4,4,0,1,1,0,2,1,2,2,1,1,1,2,0,0,2,0,156
755,33,10,45,1,1,1,1,3,0,0,1,2,2,2,2,2,2,0,2,1,0,1,1,1,0,156
756,27,20,44,45,0,0,0,0,2,0,1,0,1,1,0,0,2,1,1,1,0,2,2,0,0,156
757,36,8,45,2,0,0,1,0,4,1,1,2,0,1,1,0,0,0,0,1,1,1,1,1,0,156
758,28,20,44,45,0,0,0,0,2,0,1,0,1,1,1,0,2,1,1,1,2,0,2,0,0,156
759,39,39,44,45,0,0,1,3,3,0,0,0,0,1,1,0,0,0,0,1,1,1,1,0,0,156
760,33,20,45,39,1,1,1,3,0,1,1,1,2,1,1,2,4,0,0,2,2,1,1,2,0,94
761,32,20,44,45,0,0,0,4,5,0,0,0,1,1,0,0,0,0,1,1,1,1,2,0,0,156
762,28,20,44,45,0,0,0,4,5,0,0,0,1,1,0,0,0,1,1,1,1,2,2,1,0,156
763,37,20,44,45,0,1,1,2,4,0,1,1,0,1,1,2,2,2,1,1,2,1,0,1,1,117
764,39,20,7,45,0,0,1,3,1,0,0,2,2,2,2,2,4,2,1,1,2,1,0,1,1,156
765,43,41,45,39,0,0,0,3,4,1,1,0,0,1,0,0,0,0,1,0,0,1,0,1,0,156
766,32,27,44,45,0,0,1,3,5,0,0,0,0,2,2,0,0,1,1,2,1,2,2,2,1,156
767,27,10,45,41,0,0,0,4,5,0,1,0,1,1,2,0,0,0,1,1,2,1,1,0,0,156
768,31,10,44,45,0,0,0,4,4,0,1,0,0,1,1,0,0,1,1,2,2,0,0,0,0,156
769,43,20,44,45,0,0,1,0,2,0,1,0,0,1,0,0,0,1,1,2,2,2,2,0,0,156
770,33,20,45,42,0,0,1,3,4,1,1,1,2,1,1,2,1,1,1,2,2,2,2,0,0,156
771,34,39,44,45,0,1,1,3,5,0,1,0,1,0,0,2,4,1,1,1,2,1,0,2,0,156
772,33,16,45,2,1,0,0,4,0,0,1,0,0,1,1,0,0,1,1,2,2,1,0,0,0,156
773,25,20,45,2,0,0,0,4,4,0,1,0,0,1,1,0,0,1,1,1,2,1,1,0,0,156
774,25,20,45,23,0,1,1,3,5,0,0,2,2,2,2,2,0,0,1,1,1,1,1,1,1,156
775,32,20,44,45,1,1,0,4,0,0,1,1,2,1,1,2,2,1,1,0,2,1,0,1,0,156
776,25,20,45,3,0,1,1,3,2,0,1,2,2,0,0,2,0,0,1,1,1,1,0,0,0,156
777,37,20,28,45,0,0,0,4,1,1,0,0,0,0,0,0,2,0,1,2,2,1,1,0,0,156
778,39,37,42,45,0,0,1,0,5,0,1,2,2,2,2,2,2,1,1,1,1,1,0,2,0,156
779,29,16,44,45,0,0,0,2,1,0,1,0,1,1,1,0,2,1,1,1,2,1,0,0,1,156
780,33,20,45,28,0,0,1,3,5,0,1,2,2,0,0,0,0,0,0,1,1,1,1,0,0,156
781,37,35,45,37,0,0,1,1,4,1,1,0,1,1,1,2,1,2,1,1,1,1,2,1,1,156
782,35,10,45,14,0,0,1,3,1,0,0,2,0,1,1,2,3,2,0,0,1,1,2,1,1,58
783,22,10,45,41,0,1,1,3,5,0,1,0,1,0,0,0,3,2,0,1,1,1,0,1,1,156
784,38,20,45,18,0,0,0,0,2,0,1,2,2,1,1,0,2,0,1,1,2,1,0,1,1,156
785,32,10,45,2,0,1,1,1,1,0,1,2,0,1,0,0,0,2,1,1,2,1,1,0,0,156
786,28,20,5,45,0,0,0,4,2,0,1,0,0,1,1,0,0,0,1,1,2,0,2,1,1,156
787,27,20,42,45,0,1,0,4,2,0,1,1,0,1,1,0,0,0,1,1,2,1,2,1,0,124
788,35,35,45,2,0,0,1,3,1,1,1,0,0,0,0,0,4,0,1,1,0,1,0,2,0,83
789,29,20,45,16,0,0,0,0,1,0,0,2,2,2,1,2,4,2,0,2,2,1,0,0,0,156
790,23,20,45,2,0,1,1,3,4,0,1,1,2,1,1,0,4,1,1,1,2,0,0,2,0,156
791,39,16,45,4,0,0,0,4,2,1,1,2,0,1,1,0,0,2,0,0,0,1,1,0,0,156
792,30,10,45,2,0,0,0,4,5,0,1,2,2,2,2,2,4,1,1,1,0,1,1,2,0,156
793,32,16,44,45,0,0,0,4,2,0,1,0,1,1,0,0,2,0,0,1,1,0,0,0,0,156
794,28,13,45,2,0,0,1,3,2,0,1,1,2,1,1,0,1,2,0,1,1,1,1,1,1,156
795,40,35,45,41,0,1,1,3,1,0,0,2,2,2,2,2,0,0,1,1,2,1,1,0,1,63
796,36,33,45,2,0,1,0,4,4,0,1,0,0,1,0,0,0,1,1,0,1,1,0,2,0,156
797,27,20,45,11,0,0,0,4,2,1,1,0,1,1,0,0,4,1,1,2,2,0,0,2,0,156
798,41,20,45,37,0,1,0,3,5,0,1,2,2,1,2,0,0,0,1,1,1,1,0,1,0,156
799,29,20,44,45,0,0,0,0,4,0,1,0,0,1,1,0,0,0,1,1,0,1,0,0,0,156
800,29,37,44,45,0,0,1,3,1,0,1,1,0,1,1,0,1,1,1,1,1,1,0,1,0,156
801,35,20,45,20,0,0,1,1,0,0,0,1,0,1,1,2,3,2,1,1,1,1,2,1,1,156
802,28,20,45,27,0,0,1,0,4,1,1,1,2,1,1,0,0,0,0,1,1,1,1,0,0,156
803,36,8,44,45,1,0,0,3,0,1,1,0,1,0,0,0,0,0,1,1,0,1,1,0,0,156
804,39,10,45,41,0,0,0,3,2,0,1,0,1,1,0,0,0,2,1,0,0,1,2,0,0,156
805,39,20,45,6,0,1,1,3,3,0,1,2,2,2,2,2,3,0,1,1,2,1,1,0,0,156
806,44,39,45,45,1,1,1,3,0,1,1,1,2,1,1,1,4,2,2,1,0,1,1,2,0,156
807,26,45,17,45,1,0,1,3,4,1,1,1,1,2,2,2,4,1,1,1,1,0,0,2,0,156
808,35,20,13,45,1,1,1,1,0,0,1,1,2,2,1,0,2,1,1,1,1,0,2,2,0,156
809,40,10,45,41,0,1,1,3,1,0,0,2,1,2,0,0,0,2,0,1,0,1,1,0,0,156
810,35,20,13,45,1,1,1,1,0,0,1,1,2,2,1,0,2,1,1,1,1,0,2,2,0,156
811,38,16,45,10,0,0,0,0,5,1,1,1,2,1,1,1,3,2,2,0,0,1,1,0,0,156
812,34,20,45,6,0,0,0,4,5,1,1,0,1,0,0,0,0,1,1,1,2,1,0,2,0,156
813,43,16,45,15,0,0,0,4,5,0,1,2,0,2,2,0,0,1,1,1,2,1,0,0,0,156
814,48,12,45,2,0,1,0,1,2,0,1,0,0,1,1,1,3,2,2,0,1,1,1,1,1,106
815,20,20,45,41,0,0,0,0,2,0,1,0,1,0,0,0,0,1,1,1,2,0,0,2,0,156
816,40,16,45,18,1,0,0,3,0,1,1,0,1,1,1,0,2,2,0,1,0,1,1,0,0,156
817,29,35,44,45,0,0,1,2,4,0,1,0,0,1,1,0,0,0,1,1,0,1,0,0,0,156
818,35,20,45,18,0,1,1,3,0,0,0,1,2,1,1,2,0,1,1,1,2,1,1,2,0,156
819,29,20,45,42,0,1,0,3,5,1,0,2,2,1,2,2,4,0,1,1,0,1,1,2,0,156
820,40,16,45,2,0,0,0,0,1,0,1,2,1,1,0,0,0,0,1,1,1,1,0,0,0,156
821,29,20,41,45,0,0,1,2,4,0,1,1,2,1,1,2,4,1,1,1,2,1,1,2,0,156
822,29,8,45,2,0,1,1,2,1,0,1,2,1,0,1,0,0,1,1,2,2,1,0,0,0,156
823,34,39,45,37,0,0,1,3,0,0,1,1,0,1,1,0,0,2,1,0,0,1,2,0,0,156
824,44,20,44,45,0,1,1,3,3,0,0,0,0,1,1,0,1,0,1,1,2,1,0,1,1,156
825,24,35,45,28,0,1,1,1,4,0,1,2,2,1,1,2,4,1,1,1,2,1,2,1,1,156
826,47,8,45,32,0,0,0,4,1,1,1,0,0,1,0,0,3,2,2,0,0,1,1,1,0,156
827,43,37,44,45,0,1,0,4,5,0,0,0,0,1,1,0,4,0,1,1,2,1,0,0,0,156
828,36,16,45,32,0,0,0,2,5,0,1,2,2,2,2,2,1,1,1,1,2,1,1,1,0,156
829,43,39,45,7,0,0,1,3,5,0,0,0,0,1,0,0,3,0,1,1,2,1,1,0,0,156
829,36,39,44,45,1,0,0,3,4,1,1,1,0,1,1,0,1,1,1,2,2,1,0,0,1,156
830,31,10,45,28,0,1,1,3,1,0,1,2,2,1,1,0,1,1,1,2,2,0,0,0,0,37
831,35,20,45,2,0,0,0,3,5,0,1,0,1,2,0,0,0,0,1,1,0,1,1,0,0,156
832,33,39,45,36,0,1,0,4,2,0,0,2,0,1,1,2,1,1,1,1,1,1,1,0,0,156
833,37,20,23,45,0,0,0,3,2,0,1,0,1,0,0,0,0,2,2,1,0,1,1,1,0,156
834,34,16,45,36,0,0,1,3,1,0,1,0,0,2,0,2,0,0,1,1,0,1,1,0,0,9
835,36,20,28,45,1,0,1,3,0,0,1,1,0,1,1,0,4,1,1,2,0,1,1,2,0,156
836,40,37,45,36,1,1,1,3,0,1,1,1,2,1,1,2,4,1,1,2,2,1,1,2,0,156
837,40,16,45,10,0,0,0,2,5,0,1,2,2,2,2,2,0,1,1,1,1,1,0,0,0,149
838,42,20,45,42,0,0,1,3,0,1,1,1,2,1,1,0,2,0,1,0,0,1,0,0,0,156
839,23,16,45,13,0,1,0,4,2,1,1,2,2,1,0,2,0,0,1,0,1,1,1,0,0,156
839,21,20,44,45,0,1,0,0,4,0,0,1,0,1,1,2,2,0,1,1,1,1,0,0,0,156
840,26,20,7,45,0,0,0,3,4,1,1,1,0,1,1,0,3,2,0,1,1,1,0,0,0,156
841,31,20,45,45,0,1,0,4,4,0,1,0,1,1,1,0,0,0,1,1,1,1,1,0,0,156
842,25,16,45,2,0,1,0,4,5,0,1,2,2,2,2,2,4,1,1,1,2,0,2,2,0,156
843,51,20,45,19,0,0,0,0,5,1,1,2,2,2,2,2,4,1,1,2,2,1,1,2,0,156
844,24,20,45,36,0,0,0,4,4,0,1,0,1,0,1,2,2,1,1,1,2,1,0,0,0,156
845,33,20,45,19,0,0,0,4,1,0,1,1,0,1,1,0,0,0,1,1,2,1,1,1,0,128
847,32,39,44,45,0,1,1,2,4,0,0,1,0,1,1,1,0,2,0,1,0,1,1,1,0,156
846,32,39,44,45,0,1,1,2,4,0,0,1,0,1,1,1,0,2,0,1,0,1,1,1,0,156
848,26,20,44,45,1,0,1,2,0,1,1,1,1,0,0,0,1,1,1,2,2,0,0,2,0,156
849,23,16,45,10,0,0,0,0,1,0,0,0,0,0,0,0,0,0,1,1,1,0,0,0,0,156
850,33,20,45,36,0,1,1,1,4,1,1,1,2,1,1,0,3,2,1,1,2,1,0,1,0,156
851,46,20,45,10,0,0,1,2,5,0,0,2,2,2,2,2,2,2,0,0,0,1,0,2,0,156
852,34,39,44,45,0,0,0,4,4,1,1,1,0,1,1,1,1,2,0,0,0,1,2,1,1,156
853,35,16,45,5,0,1,1,3,4,0,1,2,2,1,1,0,2,0,0,1,1,1,1,0,0,156
854,39,16,45,12,0,0,0,4,0,1,1,1,2,1,1,0,3,0,0,1,2,0,0,1,0,122
855,32,39,17,45,1,0,0,3,0,1,1,1,2,1,1,2,2,1,1,1,1,0,0,1,0,156
856,43,20,26,45,1,0,0,4,5,1,1,0,0,1,0,0,0,1,1,1,2,1,0,0,0,156
857,56,37,45,2,0,0,1,2,5,1,1,2,2,0,2,2,2,1,1,2,2,2,2,2,0,156
858,32,10,44,45,0,1,1,3,1,0,1,0,0,1,1,0,1,0,1,1,1,1,2,0,1,156
859,41,39,44,45,0,0,0,4,2,0,0,2,2,2,2,2,0,0,0,1,1,1,2,1,1,156
860,39,20,45,36,0,0,0,4,5,1,1,0,1,0,0,0,0,1,1,1,2,1,1,0,0,156
861,37,20,45,30,0,1,0,4,3,0,0,2,2,1,1,2,4,0,1,0,0,1,1,1,0,156
862,30,37,45,2,1,1,1,3,4,1,1,0,1,1,0,0,3,2,1,0,0,1,0,0,0,132
863,31,20,45,36,0,0,0,4,2,0,1,2,0,2,1,2,2,0,1,1,1,1,0,1,0,156
864,29,16,45,37,0,0,0,4,5,0,0,0,1,1,0,0,0,0,1,0,1,1,0,0,0,156
865,23,10,44,45,0,1,0,0,5,0,0,1,0,1,2,0,2,2,0,0,0,1,0,0,0,156
866,31,39,45,3,0,0,1,0,2,0,1,2,2,1,0,2,4,0,1,0,0,1,1,0,0,156
867,29,20,45,36,0,1,1,3,2,0,1,0,1,0,0,0,0,0,1,1,1,1,1,2,0,156
868,30,17,45,7,0,0,0,0,2,1,1,2,2,0,0,2,4,1,1,1,2,0,0,2,0,156
869,37,20,45,36,0,0,0,0,3,1,1,2,0,2,0,0,0,0,1,1,2,1,1,2,1,1
870,36,39,45,39,1,0,0,0,0,0,1,2,0,1,0,0,1,1,1,1,2,2,2,2,0,156
871,35,20,45,36,0,1,1,3,2,1,1,2,2,1,0,0,0,0,0,1,0,1,0,1,0,156
872,41,16,45,5,0,1,0,0,3,1,0,0,0,1,1,0,0,0,1,0,0,1,1,0,0,156
873,31,20,44,45,0,0,1,2,4,0,1,0,1,1,1,0,0,1,1,1,2,1,1,0,0,156
874,38,37,44,45,0,1,0,4,3,0,0,2,2,2,2,0,2,1,1,1,2,1,0,1,0,156
875,26,20,20,45,1,0,0,4,1,0,1,1,0,1,1,2,4,1,1,1,2,1,1,2,0,156
876,39,20,45,36,0,1,0,3,5,0,1,2,0,2,2,0,0,0,0,1,2,0,0,0,1,60
877,42,39,45,39,1,1,0,3,4,1,0,2,1,0,2,0,0,0,0,1,0,1,0,0,0,156
878,32,20,45,36,1,1,1,2,0,1,1,1,2,1,1,0,3,2,1,1,0,1,0,0,0,156
879,29,37,45,36,0,1,0,4,1,0,1,0,1,0,0,0,0,1,1,1,2,1,1,0,0,156
880,30,20,45,36,0,1,0,0,1,0,1,2,0,0,2,0,3,2,2,1,0,0,0,1,0,156
881,40,16,45,36,0,1,1,1,3,1,1,0,1,1,0,0,0,0,0,1,1,1,2,0,0,14
882,51,37,45,36,0,0,0,4,1,0,0,0,1,1,0,0,1,1,1,1,2,1,1,0,0,156
883,33,20,45,11,0,0,0,0,5,0,1,2,2,2,2,2,2,1,1,1,2,1,1,2,0,156
884,34,39,17,45,1,0,1,3,0,1,1,1,1,1,1,2,1,0,0,1,1,1,1,0,0,141
885,50,20,45,39,1,0,0,0,0,1,1,1,2,1,1,2,2,1,1,1,2,1,0,2,0,6
886,24,20,45,37,0,0,0,3,2,1,1,0,0,1,0,0,2,1,1,1,2,1,0,1,0,156
887,25,20,45,37,0,1,1,2,2,0,0,1,0,1,1,0,0,2,0,0,0,1,0,1,0,156
888,43,20,44,45,0,1,1,2,2,0,1,1,0,1,1,0,3,2,2,1,0,1,1,1,1,156
889,25,33,45,2,1,0,1,1,0,0,1,2,2,2,2,2,4,0,0,1,1,1,1,2,1,156
890,24,20,44,45,1,0,0,4,0,1,1,1,2,1,1,2,4,1,1,0,0,1,0,2,0,156
891,51,37,45,3,1,0,0,0,0,0,1,1,2,1,1,2,1,1,1,1,1,0,0,0,0,156
892,49,20,45,31,0,1,1,3,5,0,1,2,2,1,2,2,1,2,0,0,0,1,0,1,1,156
893,30,20,45,30,0,0,0,4,5,1,1,2,0,2,2,0,0,2,0,0,0,1,1,0,0,156
894,25,35,45,29,0,1,1,3,5,0,1,2,2,2,1,0,0,2,2,0,0,1,1,1,0,147
895,36,20,45,36,0,0,1,2,3,1,1,2,2,0,0,0,0,0,1,0,0,1,0,0,0,156
896,48,20,45,39,0,0,1,0,5,0,1,2,2,2,2,2,0,0,0,2,2,1,0,2,1,156
897,48,39,0,45,0,0,1,3,4,0,1,1,0,1,1,0,2,2,1,1,0,1,0,1,1,156
898,53,20,45,31,0,0,1,2,4,1,1,2,2,1,2,0,0,0,0,1,0,1,1,0,0,156
899,24,10,44,45,0,1,1,1,4,1,1,1,0,1,1,0,4,1,1,2,2,1,1,0,0,156
900,33,20,45,31,0,1,1,3,2,0,1,0,2,1,2,0,2,1,1,2,2,1,1,0,0,156
901,25,10,7,45,0,1,1,3,4,0,1,2,2,1,1,2,2,1,1,1,2,1,1,0,0,156
902,30,20,44,45,0,0,1,3,2,0,1,1,0,1,1,0,1,2,0,1,0,1,0,1,0,156
903,30,20,45,32,1,0,0,0,0,1,1,1,2,1,1,2,2,0,0,1,1,0,0,0,0,156
904,34,39,44,45,1,0,1,3,0,1,1,1,0,1,1,2,1,1,1,1,1,1,1,2,0,156
905,31,20,45,34,0,0,0,4,5,1,1,2,2,2,2,2,4,1,1,1,2,0,2,2,0,156
906,22,8,45,2,0,1,1,1,5,0,1,0,1,1,0,0,0,2,2,0,0,1,1,0,0,156
907,28,20,45,36,0,1,0,3,4,0,1,0,1,1,0,0,2,1,1,1,2,1,2,0,0,156
908,35,20,45,38,0,1,1,2,2,0,0,2,2,1,2,2,1,0,1,1,1,1,1,1,0,156
909,28,20,45,2,0,1,1,3,2,0,0,2,0,1,1,0,0,0,0,1,1,1,1,2,0,156
910,42,39,29,45,0,0,1,3,5,0,0,1,2,0,1,2,1,2,0,1,1,1,2,1,1,156
911,33,20,45,20,0,1,0,4,3,0,1,2,0,0,0,0,4,1,1,2,2,2,2,2,0,156
912,29,39,45,2,0,0,0,3,5,0,1,2,0,2,1,0,0,2,0,0,0,1,1,0,0,156
913,43,16,45,45,0,1,0,3,3,0,0,2,1,1,0,0,0,0,1,0,1,1,0,1,0,98
914,29,20,45,28,0,0,0,4,2,0,1,2,2,2,2,0,2,1,1,1,1,0,0,2,0,156
915,25,20,45,37,0,0,0,4,1,1,1,2,0,1,1,2,0,1,1,2,2,0,0,0,0,156
916,31,20,45,20,0,1,0,0,1,0,1,0,0,0,0,0,4,1,1,1,2,1,1,0,0,156
917,35,10,45,7,0,1,1,3,4,0,0,2,1,2,2,2,1,0,0,1,2,1,0,2,0,2
918,34,39,45,37,0,0,0,1,0,0,1,0,0,1,2,0,4,1,1,1,2,1,0,2,0,2
919,43,5,45,41,0,0,1,3,1,1,1,2,2,1,2,2,3,2,0,1,0,1,0,1,1,2
920,38,20,45,41,0,1,1,3,1,0,1,1,1,1,1,0,3,2,2,0,1,1,0,1,0,2
921,26,20,45,41,0,1,1,3,5,0,1,0,1,1,2,2,3,0,1,1,1,2,2,1,1,2
922,38,20,44,45,1,1,1,2,0,1,0,1,0,1,1,2,3,0,1,0,0,1,1,1,0,156
923,42,20,45,37,0,0,1,1,4,0,1,0,0,1,0,0,0,2,0,0,0,1,0,0,0,156
924,33,20,28,45,0,1,1,4,4,0,1,0,0,1,0,0,0,1,1,2,2,0,0,2,1,156
925,32,20,45,41,0,0,1,2,5,0,1,2,2,2,2,2,2,0,1,1,1,1,1,0,0,156
926,44,39,45,41,0,1,1,3,4,1,1,2,2,2,2,2,1,0,0,1,2,1,0,1,0,156
927,28,20,45,41,0,1,1,2,5,0,1,2,2,0,0,0,0,0,1,1,0,1,1,1,0,156
928,40,20,45,41,0,1,1,3,5,1,1,2,2,2,2,2,3,2,1,1,1,1,0,0,1,156
929,31,8,45,1,0,1,1,3,3,0,1,2,2,1,0,2,2,0,1,1,2,1,1,2,0,156
930,32,39,45,41,0,1,0,3,1,0,1,2,2,2,2,0,0,2,1,1,0,1,1,0,0,156
931,28,20,45,41,0,1,1,3,5,0,1,0,0,0,0,0,2,0,1,1,0,1,0,1,0,156
932,39,20,45,1,0,1,1,1,2,0,1,2,2,1,1,2,0,2,1,1,0,1,1,1,0,156
933,45,20,45,28,0,0,0,4,5,0,0,2,2,2,2,0,0,1,1,1,1,1,1,2,0,156
934,43,20,45,41,0,0,1,2,5,0,1,2,2,2,2,0,2,1,1,2,2,0,2,2,0,36
935,35,20,45,2,0,0,1,3,5,0,1,2,2,0,2,0,3,0,0,1,1,1,1,0,0,156
936,40,20,45,41,0,1,1,3,4,0,1,2,2,0,0,2,4,0,1,1,1,1,1,0,0,156
937,34,20,28,45,0,0,1,2,2,0,1,1,2,1,1,2,4,1,1,2,2,0,0,2,0,156
938,24,20,44,45,0,1,1,1,2,0,0,0,2,1,1,1,2,2,0,1,2,1,0,1,1,156
939,61,39,39,45,1,0,1,3,0,1,1,1,0,1,1,0,3,2,0,1,2,1,0,1,1,156
940,36,11,45,41,0,1,1,2,4,0,1,0,0,1,0,0,0,2,0,1,0,1,1,0,0,156
941,38,20,45,36,0,0,0,4,4,0,1,1,0,1,1,2,0,0,1,1,2,0,0,0,0,119
942,33,39,17,45,0,1,1,1,2,0,1,0,1,2,1,2,2,1,1,1,2,2,2,2,0,156
943,30,39,45,41,0,1,0,0,5,0,0,0,0,1,0,0,0,2,0,0,0,1,1,1,0,156
944,34,39,28,45,1,1,1,2,0,1,1,2,2,2,2,2,4,1,1,2,1,1,0,2,0,139
945,26,20,45,2,0,0,1,2,5,0,1,2,1,0,0,0,0,1,1,1,1,1,0,1,0,156
946,33,16,44,45,0,0,0,4,5,0,1,0,1,0,0,0,0,1,1,1,2,0,0,0,0,156
947,32,20,44,45,0,0,0,4,4,0,1,0,0,1,1,0,4,1,1,0,2,1,0,1,0,156
948,25,39,17,45,1,0,0,3,4,1,1,1,2,1,1,2,2,1,1,1,2,2,2,2,0,156
949,35,39,17,45,1,0,1,3,2,1,0,0,0,1,1,0,1,2,0,2,0,1,0,0,0,156
950,24,16,44,45,1,1,0,1,0,1,1,0,1,1,1,0,0,0,1,1,1,1,0,0,0,156
951,55,39,44,45,0,0,1,1,5,0,0,2,2,2,2,0,2,2,0,0,1,1,0,1,1,156
952,33,20,44,45,1,1,1,3,0,1,1,1,2,1,1,1,3,2,0,1,1,1,0,1,1,156
953,26,10,44,45,1,1,1,3,0,1,1,1,0,1,1,0,4,0,1,1,2,1,0,2,0,23
954,25,20,44,45,0,0,0,0,4,1,1,0,1,0,0,0,4,1,1,2,2,1,1,0,0,156
955,45,20,44,45,0,1,0,2,1,0,0,0,0,1,1,0,0,0,1,1,0,1,0,0,0,156
956,33,35,44,45,1,0,1,3,0,1,1,1,2,2,2,2,4,1,1,1,2,1,1,0,0,156
957,43,20,45,18,0,0,0,3,5,1,1,1,1,1,1,0,3,2,0,0,0,1,0,1,1,156
958,30,20,44,45,1,0,1,3,4,0,1,1,2,1,1,1,3,2,2,0,0,1,1,2,1,156
959,40,20,45,11,0,1,1,2,4,0,1,0,1,1,0,0,0,1,1,2,2,1,0,0,0,156
960,49,20,45,7,0,1,0,0,5,0,1,2,2,2,2,2,0,1,1,2,2,1,1,2,0,123
961,29,20,17,45,0,0,0,4,4,0,1,0,1,1,1,0,2,1,1,1,2,0,2,0,0,156
962,26,39,17,45,0,0,0,4,3,0,1,0,0,0,0,0,0,1,1,1,1,0,0,0,0,156
963,38,31,45,41,0,0,0,0,5,0,1,2,2,2,2,2,2,0,0,1,1,1,0,1,1,156
964,27,20,15,45,0,1,0,4,3,0,0,2,2,0,1,2,2,0,0,0,1,1,0,0,1,156
965,26,39,3,45,0,0,0,0,4,0,1,2,0,1,1,1,2,0,1,0,0,1,1,0,0,156
966,28,20,44,45,0,1,1,1,2,0,1,1,0,1,1,0,2,0,0,2,2,1,1,1,0,156
967,40,20,45,17,0,1,1,3,0,1,1,1,0,1,1,0,0,0,0,1,2,1,0,1,0,156
968,37,10,7,45,1,1,1,2,0,1,1,1,2,1,1,2,2,2,0,1,1,0,0,0,1,156
969,34,35,44,45,0,1,1,1,2,1,0,2,2,1,2,1,2,2,2,1,0,1,1,0,0,156
970,28,39,45,28,0,1,1,1,1,0,1,0,1,1,0,0,0,0,1,1,1,1,2,0,0,156
971,27,20,7,45,0,0,0,0,2,0,1,2,1,2,1,2,4,1,1,2,2,0,0,2,0,156
972,29,20,44,45,0,0,1,3,4,1,1,1,0,1,1,0,4,1,1,2,2,1,2,2,0,156
973,39,10,44,45,0,1,0,2,3,1,1,0,1,1,1,0,1,2,2,0,0,1,1,1,1,156
974,28,39,44,45,0,0,0,1,4,0,1,1,0,1,1,1,1,2,1,0,0,1,2,2,0,156
975,23,20,45,32,0,1,0,3,2,0,1,2,1,2,2,2,2,1,1,0,0,1,0,0,0,156
976,8,0,2,10,1,1,1,1,0,1,1,2,2,2,2,2,4,2,2,2,2,2,2,2,1,0
977,38,20,44,45,0,0,0,4,0,1,1,1,0,1,1,2,2,1,1,1,2,1,1,0,0,156
978,19,20,44,45,0,0,0,4,4,0,1,2,0,1,2,0,4,1,1,2,2,1,1,2,0,156
979,30,10,45,10,0,1,1,3,2,0,1,2,2,2,0,2,4,1,1,1,0,1,1,2,0,156
980,28,39,44,45,1,0,0,4,0,1,1,1,2,1,1,2,4,0,0,0,0,1,1,2,0,156
981,20,20,20,45,0,0,1,3,2,0,1,0,0,1,1,0,0,2,1,0,0,1,0,2,0,156
982,35,20,44,45,1,0,0,3,0,0,1,0,1,1,0,0,2,1,1,1,2,1,1,0,0,156
985,39,39,45,19,0,0,1,2,1,1,1,2,2,1,1,2,4,0,1,1,2,1,1,0,0,156
983,31,10,45,37,0,1,0,0,5,0,0,2,1,1,0,0,0,2,2,0,0,1,1,0,0,156
984,32,20,44,45,0,0,0,2,3,0,1,1,0,1,1,0,0,2,1,0,0,1,1,0,0,156
986,27,20,41,45,0,0,0,4,4,0,1,1,0,1,1,0,0,1,1,0,0,1,1,0,0,156
987,25,20,45,32,0,1,1,1,4,1,1,2,2,1,0,2,2,1,1,2,2,0,0,0,0,156
988,42,39,45,11,0,1,1,3,4,1,1,0,0,1,0,0,0,0,1,1,2,1,0,0,0,156
989,34,39,45,32,0,1,1,1,1,0,1,2,2,1,1,2,4,1,1,2,2,0,0,0,0,156
990,26,35,45,29,0,0,1,3,2,1,1,0,0,1,0,0,0,0,1,1,0,0,0,0,1,156
991,35,20,44,45,0,1,1,3,0,0,1,1,2,1,1,2,4,2,2,1,1,1,0,2,1,156
992,34,20,44,45,0,0,0,0,3,0,1,0,0,1,0,0,4,0,1,2,2,1,1,2,0,156
993,38,37,45,32,0,1,1,3,1,1,0,2,2,1,2,2,4,1,1,2,2,2,2,0,0,148
994,34,16,45,35,0,0,0,3,1,0,1,0,0,1,1,0,0,2,1,1,0,1,0,0,0,156
995,39,16,45,11,0,1,1,3,4,1,1,1,2,1,1,2,2,1,1,1,2,0,2,2,0,156
996,44,8,45,2,0,0,0,4,1,0,1,0,1,1,1,0,0,2,1,0,0,1,1,0,0,156
997,40,39,45,36,0,0,0,4,5,0,0,2,2,2,2,2,0,0,1,0,2,1,1,0,0,156
998,33,35,45,37,1,0,0,0,0,1,1,1,2,0,0,2,2,0,1,0,1,1,1,2,0,156
999,24,10,45,36,0,1,0,3,5,0,0,2,2,1,0,0,1,2,0,1,1,1,1,1,1,156
1000,38,10,45,31,0,1,0,3,2,1,1,0,1,0,0,0,0,1,1,1,2,1,1,0,0,156
1001,31,39,45,35,0,0,0,3,5,0,1,2,1,2,2,2,0,2,0,1,1,1,0,2,0,156
1002,23,20,22,45,0,0,0,4,1,0,1,0,1,1,1,2,4,0,1,1,2,0,2,0,0,156
1003,26,8,45,28,0,0,0,4,4,0,1,0,1,1,1,0,2,1,1,2,2,1,0,2,0,156
1004,46,13,45,4,0,0,1,1,5,0,0,2,2,2,2,0,0,2,1,1,1,1,1,1,1,156
1005,30,20,45,2,0,1,1,3,2,1,1,2,0,1,1,0,0,0,1,1,0,1,0,0,0,156
1006,25,20,45,45,0,0,0,2,2,1,1,0,0,1,1,0,2,2,1,1,1,1,2,0,1,103
1007,19,16,7,45,0,0,0,0,2,1,1,0,0,1,1,0,2,1,1,1,1,1,0,1,0,156
1008,30,10,45,7,0,1,1,3,3,0,0,2,2,2,2,2,2,0,0,1,1,1,1,1,1,156
1009,32,37,45,36,0,0,0,0,4,0,1,2,2,2,2,0,2,1,1,2,2,1,0,2,0,156
1010,32,20,44,45,0,0,0,4,4,0,1,1,0,1,1,0,0,0,0,0,0,1,0,0,0,156
1011,37,20,45,11,0,1,0,3,2,1,1,0,0,1,1,0,2,0,1,1,1,1,0,1,0,99
1012,42,16,45,2,0,1,1,3,4,1,1,0,0,1,0,0,0,0,0,1,1,1,1,0,0,156
1013,25,35,45,31,0,0,0,0,5,0,1,2,2,2,2,0,0,0,1,1,2,0,1,2,0,156
1014,19,20,45,11,0,0,0,3,0,0,1,0,1,1,1,0,0,1,1,1,2,0,0,0,0,156
1015,40,35,45,7,0,1,0,0,1,1,1,2,2,2,1,0,0,2,2,0,0,1,1,0,0,156
1016,34,20,45,11,0,0,0,4,5,0,0,2,1,2,0,0,0,0,0,1,2,1,1,0,0,156
1017,26,20,45,19,0,1,0,4,4,0,1,0,1,1,1,0,0,1,1,1,2,1,1,2,0,156
1018,31,20,45,19,0,1,1,2,4,0,1,0,1,0,0,2,0,1,1,2,2,0,0,2,0,156
1019,40,20,45,22,0,1,0,3,5,1,0,2,1,2,0,0,0,2,0,1,1,1,0,1,0,156
1020,31,10,45,6,0,1,1,1,2,0,1,1,0,1,1,1,3,2,1,0,0,1,2,1,1,156
1021,36,16,45,19,0,0,0,0,1,0,0,0,0,1,0,0,0,2,0,0,0,1,0,0,1,156
1022,35,20,7,45,0,1,0,3,4,1,1,1,2,1,1,0,0,0,1,0,1,1,1,0,0,156
1023,26,39,0,45,0,1,1,3,2,1,1,1,0,1,1,2,0,1,1,2,2,1,0,2,0,133
1024,44,37,45,20,0,0,0,4,5,1,0,0,0,0,0,2,0,2,1,1,0,1,1,1,0,156
1025,34,10,45,2,0,0,0,3,0,0,1,1,1,1,1,0,4,1,1,1,2,1,0,2,0,156
1026,35,20,45,31,0,0,0,4,4,1,1,1,0,1,1,0,0,1,1,0,0,1,1,0,0,156
1027,28,35,45,29,0,1,1,3,2,1,1,0,0,1,1,0,2,2,1,1,1,1,0,1,0,156
1028,33,20,45,28,0,0,0,4,4,1,1,2,0,0,2,2,0,1,1,1,2,1,1,2,0,156
1029,40,16,45,42,0,1,1,3,5,1,1,2,2,1,2,0,0,2,1,0,0,1,0,0,0,156
1030,26,20,45,41,0,0,1,3,4,0,1,2,2,1,1,2,0,0,1,1,0,1,0,0,0,156
1031,29,33,44,45,0,0,1,1,5,0,0,2,2,1,1,0,0,0,1,1,0,1,2,1,1,156
1032,26,10,7,45,0,1,1,3,1,0,1,2,1,1,1,2,0,0,1,1,0,1,0,0,0,156
1033,33,24,23,45,0,1,1,3,4,0,1,1,1,1,1,0,2,1,1,1,2,1,1,0,0,46
1034,28,20,5,45,0,1,0,3,1,0,1,1,0,1,1,0,2,1,1,1,1,1,1,0,1,156
1035,41,20,45,10,1,0,1,1,0,1,0,1,2,2,2,2,3,1,1,1,1,1,1,2,1,156
1036,39,20,44,45,1,1,1,3,0,1,1,1,2,2,2,2,1,1,1,2,2,1,0,2,1,136
1037,26,35,45,41,0,1,1,3,5,0,1,2,2,1,1,0,0,1,1,1,2,1,0,1,1,44
1038,23,10,45,10,0,1,0,3,2,0,0,1,0,1,1,0,1,2,1,0,1,1,0,1,0,156
1039,35,20,42,45,0,1,1,1,5,0,1,0,1,1,1,2,4,1,1,1,1,1,0,1,0,156
1040,36,20,45,6,0,0,0,0,0,1,1,0,1,0,0,0,4,1,1,1,1,1,1,0,0,156
1041,42,16,45,36,0,0,0,2,5,0,0,0,0,1,0,0,0,0,1,1,0,1,0,1,0,156
1042,39,20,45,41,0,1,1,3,3,0,1,2,2,1,0,2,4,1,1,1,2,1,1,2,0,156
1043,27,20,45,2,0,0,0,0,4,0,1,0,0,1,0,0,0,0,1,1,2,0,0,0,0,156
1044,33,39,45,6,1,0,0,0,4,1,1,0,0,1,1,1,4,0,1,1,2,1,0,2,0,156
1045,31,21,7,45,0,1,1,1,5,0,1,2,1,0,0,0,0,0,1,1,0,1,0,0,0,156
1046,28,10,45,31,0,0,1,2,4,0,1,2,2,0,2,2,4,1,1,1,1,1,2,0,0,156
1047,29,10,45,25,0,0,1,1,5,1,0,2,0,1,1,0,2,1,1,1,2,0,0,0,0,156
1048,27,20,45,2,0,0,1,3,1,0,1,0,1,1,1,2,3,0,1,1,0,1,0,1,0,156
1049,44,16,45,6,1,0,0,0,0,1,1,0,0,1,1,2,1,1,1,0,0,1,1,0,0,156
1050,25,20,45,38,0,0,1,1,4,1,1,0,0,1,1,0,2,0,1,1,0,1,0,0,0,156
1051,24,39,17,45,0,1,1,3,4,0,1,1,0,1,1,0,2,0,1,2,2,1,1,0,0,125
1052,25,20,39,45,0,1,1,1,4,0,0,0,0,1,1,2,0,1,1,1,2,1,0,1,1,156
1053,34,16,45,25,0,0,0,0,4,1,1,2,1,0,0,0,2,0,0,0,1,1,0,0,0,156
1054,26,20,45,32,0,0,0,0,5,0,0,2,2,1,0,0,1,0,1,0,2,1,1,0,0,156
1055,48,20,45,11,0,0,0,0,2,0,0,2,2,2,2,2,0,0,1,1,2,1,0,0,0,156
1056,34,20,18,45,0,0,0,4,2,1,1,1,0,1,1,0,3,2,0,1,0,1,0,1,0,156
1057,39,10,45,29,0,0,1,3,4,1,1,1,0,1,1,0,0,0,0,1,1,1,0,1,0,71
1058,43,20,45,29,0,0,0,3,5,1,1,2,1,1,2,0,0,0,1,0,0,1,1,0,0,156
1059,41,16,45,10,0,0,0,2,5,0,1,2,2,2,2,0,0,0,0,1,0,1,1,2,1,156
1060,25,20,45,11,0,0,0,0,5,0,0,0,0,1,1,0,0,1,1,1,2,1,1,0,0,156
1061,31,37,45,2,0,0,1,3,1,0,1,2,2,1,1,0,2,0,1,1,0,1,0,1,0,156
1062,40,20,45,41,0,1,1,3,5,0,1,2,2,2,2,2,0,2,2,0,0,1,0,1,1,156
1063,43,20,45,39,1,1,1,3,0,1,1,2,1,1,0,0,0,0,0,1,1,1,0,0,0,138
1064,27,10,45,41,0,1,1,1,5,0,1,2,2,2,2,2,3,0,1,2,1,1,0,1,1,26
1065,37,35,45,25,0,1,1,3,2,1,1,2,2,1,0,0,0,2,0,0,0,1,0,0,0,73
1066,32,39,28,45,1,0,1,3,0,0,1,1,0,1,1,2,3,0,1,1,2,1,0,1,0,156
1067,25,20,45,38,0,1,1,1,0,0,1,1,2,1,1,2,4,0,1,2,2,1,0,1,0,156
1068,29,20,28,45,0,1,1,1,0,0,1,0,1,0,2,0,3,1,0,2,2,0,1,2,0,10
1069,30,10,45,36,0,1,1,1,5,0,0,2,0,1,1,0,1,2,1,0,0,1,0,1,0,137
1070,34,35,7,45,0,1,1,1,2,0,0,0,0,2,0,0,2,1,1,1,1,1,1,2,0,156
1071,32,39,44,45,0,1,1,3,0,0,0,2,2,2,2,2,2,0,0,1,1,1,0,1,0,156
1072,37,39,17,45,0,0,0,4,4,0,1,0,0,1,1,2,4,1,1,2,2,0,0,2,0,156
1073,41,39,17,45,0,0,1,3,5,0,1,0,0,1,1,0,1,1,1,2,2,1,1,2,0,156
1074,38,39,45,11,0,1,0,0,5,0,0,2,1,2,2,0,0,2,0,1,0,1,1,1,0,156
1075,32,20,45,11,0,0,1,3,2,0,1,2,2,2,0,2,0,1,1,1,2,1,0,0,0,156
1076,28,10,45,2,0,1,1,3,1,0,1,2,2,0,0,0,0,0,1,1,1,1,1,2,0,156
1077,11,39,45,29,1,0,0,0,0,1,1,1,2,1,1,2,4,1,1,1,1,1,0,2,0,156
1078,43,39,45,37,0,1,0,0,1,0,0,2,2,1,0,0,2,0,1,1,1,1,0,1,0,156
1079,32,20,45,36,0,1,1,1,1,0,1,1,2,1,1,0,3,2,1,2,2,1,2,1,0,156
1080,25,16,45,41,0,0,1,3,5,0,1,2,2,2,0,2,0,2,1,0,0,1,1,2,0,156
1081,37,20,45,38,0,0,1,3,1,0,1,2,0,1,2,2,4,1,1,0,2,1,1,2,0,156
1082,36,39,45,0,1,0,1,3,0,0,0,1,2,1,1,1,3,1,1,0,0,1,1,1,1,156
1083,24,20,45,42,0,1,1,2,4,1,1,0,0,1,1,0,4,1,1,2,2,0,2,2,0,156
1084,40,39,45,41,0,1,1,3,5,0,1,2,1,2,0,0,1,0,1,1,1,1,0,0,1,111
1085,29,20,45,42,0,0,0,4,5,0,0,0,1,2,0,2,2,1,1,1,2,1,0,2,0,140
1086,43,20,45,28,0,0,0,0,3,0,1,0,0,1,0,0,0,1,1,2,1,1,1,2,0,156
1087,29,20,45,28,0,0,0,4,4,1,1,2,1,1,2,0,0,0,1,1,2,0,2,0,0,156
1088,26,20,45,29,0,1,0,3,1,0,1,0,1,1,1,0,0,0,1,1,0,1,0,0,0,156
1089,33,10,7,45,1,1,1,1,0,1,1,1,2,1,1,1,3,2,2,0,0,1,0,1,1,156
1090,35,10,45,41,0,1,0,3,4,1,1,0,0,1,1,0,2,1,1,2,1,1,1,2,0,156
1091,45,16,45,2,0,0,0,0,4,1,1,2,0,1,1,0,0,2,0,1,0,1,0,0,0,156
1092,25,20,45,34,0,0,1,2,4,1,1,1,2,1,0,0,2,0,1,0,1,1,0,0,0,156
1093,50,39,15,45,1,0,1,3,2,1,1,1,0,1,1,0,0,0,0,1,2,1,1,0,0,156
1094,26,39,0,45,0,1,1,2,2,0,1,1,0,0,0,0,4,1,1,2,2,0,2,2,0,156
1095,33,35,45,2,0,0,1,1,5,0,1,2,2,0,0,0,0,2,1,0,0,1,0,0,0,156
1096,30,20,20,45,0,0,0,1,4,0,1,1,0,1,1,1,4,0,0,1,1,0,0,0,0,156
1097,33,39,11,45,0,1,1,3,4,1,1,2,2,1,0,2,4,1,1,1,2,0,0,2,0,156
1098,29,16,15,45,0,0,1,1,4,0,1,2,0,1,1,2,2,0,0,2,1,1,2,1,0,156
1099,37,39,17,45,0,0,0,4,4,1,1,1,1,1,1,0,0,0,1,1,0,0,2,0,0,156
1100,25,20,45,19,0,1,1,3,0,1,1,0,0,0,0,0,4,1,1,2,2,0,2,0,0,52
1101,40,37,45,41,0,0,0,4,5,0,0,2,1,0,0,0,2,0,1,1,1,1,0,0,0,156
1102,24,20,7,45,0,0,0,3,2,0,1,2,2,1,1,2,0,0,1,0,0,1,0,0,1,156
1103,40,20,44,45,0,0,1,0,1,0,1,0,1,1,0,0,4,0,1,2,1,1,0,0,0,156
1104,46,20,45,32,0,1,1,3,4,0,1,0,2,1,0,0,0,2,0,0,1,1,0,0,0,156
1105,38,20,45,28,0,1,1,2,5,0,0,2,2,2,2,2,2,2,1,0,2,1,2,0,0,156
1106,34,20,45,40,0,0,0,0,0,1,1,1,2,1,1,0,0,2,2,0,0,1,1,0,0,95
1107,32,20,44,45,1,0,1,2,0,0,1,1,2,2,2,2,4,1,1,1,2,1,2,1,1,156
1108,44,20,44,45,0,0,1,3,5,0,0,1,0,1,2,0,0,0,1,1,1,1,1,1,0,156
1109,33,10,44,45,0,0,1,0,1,0,1,0,1,1,0,0,4,0,1,1,1,1,0,1,0,156
1110,45,35,45,18,0,0,1,2,2,0,0,0,0,0,0,0,0,1,1,1,1,1,0,0,0,156
1111,35,20,45,28,0,0,0,4,4,0,1,0,1,0,0,2,0,1,1,0,0,1,1,2,0,90
1112,26,20,17,45,1,1,1,1,0,0,1,1,0,1,1,0,0,0,1,2,2,0,2,1,1,156
1113,20,35,45,28,0,0,1,3,2,1,1,0,1,0,0,0,0,1,1,1,1,0,0,0,0,156
1114,-1,44,45,0,1,1,1,1,0,1,1,2,2,2,2,2,4,2,2,2,2,2,2,2,1,157
1115,37,20,28,45,0,1,0,3,4,0,1,1,0,1,1,2,2,0,1,1,2,1,0,2,0,156
1116,28,39,45,18,0,0,0,4,5,0,0,2,0,1,1,2,2,0,1,0,0,1,2,1,0,156
1117,42,8,45,41,0,1,1,3,2,0,0,2,2,1,1,0,0,2,1,1,1,1,2,1,0,156
1118,32,39,44,45,0,0,0,4,2,0,1,1,0,1,1,0,0,0,1,0,0,1,1,0,1,156
1119,36,8,45,36,0,1,1,2,5,1,1,2,2,1,1,2,2,0,0,1,0,1,1,0,0,156
1120,27,16,29,45,0,0,0,2,2,0,1,1,2,1,2,1,1,2,1,0,0,1,0,1,1,156
1121,27,16,29,45,0,0,0,2,2,0,1,1,2,1,2,1,1,2,1,0,0,1,0,1,1,156
1122,27,20,44,45,0,0,1,3,5,0,0,1,0,1,1,2,2,0,1,2,2,0,0,1,0,158
1123,25,20,44,45,0,1,1,3,2,1,1,1,0,1,1,2,4,1,1,1,2,1,0,2,0,115
1124,41,16,44,45,0,1,0,4,4,0,1,1,0,1,1,0,1,0,0,1,1,0,0,0,0,156
1125,23,20,17,45,0,1,1,3,4,0,1,0,1,1,1,0,2,0,1,0,0,1,1,0,0,156
1126,21,20,44,45,0,0,1,3,5,0,0,0,0,1,0,0,0,0,1,1,0,1,1,0,0,156
1127,26,20,27,45,0,0,1,1,2,0,1,1,2,1,1,2,3,1,1,2,2,2,2,0,0,156
1128,29,20,41,45,0,0,0,2,5,0,1,0,1,0,0,0,0,0,0,0,0,1,2,0,1,156
1129,28,39,3,45,0,0,0,3,5,0,0,1,0,1,1,0,2,2,0,0,0,1,1,0,1,156
1130,27,35,44,45,0,1,0,4,5,0,0,1,2,1,1,2,0,0,1,0,0,1,2,2,0,156
1131,23,20,22,45,0,0,0,0,5,0,0,1,2,2,2,2,1,1,1,2,2,1,2,2,0,156
1132,26,8,45,28,0,1,0,3,2,1,1,0,0,1,1,0,0,0,1,0,0,1,1,0,0,156
1133,38,20,44,45,0,1,1,3,0,0,1,1,1,0,0,0,4,1,1,1,2,0,2,0,0,156
1134,39,16,44,45,0,1,1,3,5,0,0,1,0,1,1,2,4,0,0,1,2,0,0,2,0,15
1135,35,16,45,11,0,1,1,1,5,0,0,2,2,1,2,0,2,2,1,0,1,1,2,0,0,156
1136,32,39,45,22,0,0,0,2,4,0,1,2,1,1,0,0,0,0,1,0,1,1,0,0,0,156
1137,32,20,45,2,0,0,1,3,5,0,1,2,2,2,2,2,1,0,0,1,1,1,1,0,1,156
1138,26,20,44,45,0,0,0,0,4,0,1,1,0,1,1,0,0,2,0,1,0,1,0,0,0,156
1139,38,20,7,45,0,1,1,2,1,0,1,0,1,1,0,0,0,1,1,2,2,1,0,1,0,156
1140,34,10,44,45,0,1,0,2,2,0,0,2,2,2,2,2,4,1,1,1,2,0,0,2,0,156
1141,39,20,45,36,0,1,1,1,2,0,0,0,1,1,1,0,2,2,1,1,1,1,0,0,0,156
1142,32,39,7,45,1,0,0,0,4,1,1,0,1,1,1,0,4,1,1,2,2,0,0,2,0,156
1143,37,20,28,45,1,0,0,0,0,1,1,0,1,0,0,0,4,2,2,1,1,1,1,0,0,156
1144,31,39,44,45,0,1,1,0,4,0,1,0,1,1,0,0,2,1,1,1,1,1,1,0,0,145
1145,30,37,45,19,0,1,1,2,4,0,1,1,2,1,1,0,0,1,1,0,0,1,1,0,0,110
1146,51,16,37,45,0,0,0,0,5,1,1,0,0,1,0,0,0,2,1,0,0,1,1,1,0,156
1147,29,16,45,22,0,0,1,3,2,0,1,2,2,1,1,0,0,2,1,1,1,1,0,0,0,156
1148,31,20,44,45,0,0,0,0,1,0,1,2,0,1,2,0,0,0,2,1,0,1,1,2,0,156
1149,31,20,20,45,0,0,0,4,2,0,1,0,1,1,1,0,0,2,2,0,0,1,1,0,0,156
1150,26,20,45,37,0,1,1,3,4,1,1,0,0,1,0,0,2,0,1,1,1,0,0,0,0,156
1151,46,10,45,2,0,0,1,1,1,1,0,2,2,1,1,2,0,0,1,1,1,1,0,1,0,156
1152,32,20,45,2,0,1,0,3,5,0,1,2,0,2,0,0,0,0,1,2,2,1,1,0,0,156
1153,29,20,45,10,0,1,1,3,2,0,0,2,2,2,2,0,0,0,1,1,0,1,0,0,0,156
1154,34,39,33,45,0,0,0,0,5,1,1,0,1,1,1,0,0,0,1,1,1,1,2,0,0,156
1155,26,20,9,45,0,0,0,1,4,0,1,1,0,1,1,1,3,2,1,0,0,1,0,2,0,156
1156,32,10,45,32,0,0,1,3,5,0,1,2,2,1,0,0,0,0,1,1,0,1,1,1,0,156
1157,29,20,45,10,0,0,0,4,5,0,1,0,1,1,1,0,0,0,1,1,2,0,2,1,0,156
1158,30,20,45,10,0,0,0,4,5,0,0,2,0,2,2,0,0,2,0,0,0,1,1,0,0,156
1159,40,8,45,19,0,1,1,3,2,0,1,2,2,1,2,2,2,1,1,2,2,1,0,2,1,156
1160,23,20,44,45,0,0,1,3,0,0,1,1,0,1,1,0,3,0,1,2,2,2,2,1,1,28
1161,20,20,16,45,0,0,0,2,2,0,0,1,0,1,1,0,3,2,2,1,0,1,0,1,0,156
1162,38,39,45,28,0,1,0,4,4,0,1,0,0,1,1,0,1,1,1,1,2,1,1,0,1,156
1163,26,10,45,18,0,1,1,2,1,0,1,2,0,1,1,0,0,0,0,0,0,1,0,1,0,156
1164,29,20,45,29,0,0,0,0,2,0,1,1,0,1,0,0,0,1,1,1,2,1,2,1,1,156
1165,40,37,8,45,1,0,0,3,0,1,1,1,2,1,1,0,2,1,1,1,1,0,0,0,0,156
1166,25,35,6,38,0,0,1,3,2,1,1,1,0,1,1,0,0,0,0,2,1,0,1,1,0,156
1167,32,30,45,28,0,0,1,3,2,0,1,2,2,1,1,2,0,0,0,1,0,1,1,1,0,156
1168,38,39,45,2,0,1,1,3,5,0,0,2,2,2,2,2,0,0,1,1,0,1,0,1,1,156
1169,72,10,45,11,0,1,1,0,3,1,0,2,1,0,2,0,2,0,0,1,2,1,1,0,1,156
1170,35,35,45,11,0,1,1,3,0,1,1,1,0,1,1,2,0,0,0,1,1,1,1,2,0,156
1171,28,8,45,39,0,0,1,1,4,0,1,1,2,1,1,0,3,2,0,1,1,1,1,0,0,156
1172,27,34,45,30,0,0,0,0,1,0,0,0,1,0,0,0,0,1,1,1,2,1,1,2,0,156
1173,56,35,45,31,1,0,0,2,0,1,1,0,1,0,0,0,0,0,0,0,0,1,1,0,0,68
1174,38,20,45,0,0,1,1,3,2,1,1,2,0,1,1,0,0,0,1,1,1,1,1,0,0,156
1175,31,10,3,45,0,0,0,4,2,0,1,0,1,1,1,2,4,0,1,1,1,1,1,0,0,156
1176,40,20,45,0,0,1,1,3,4,0,1,2,2,1,1,2,0,0,1,1,0,1,1,2,0,156
1177,44,16,45,29,0,1,1,3,1,0,1,2,2,1,2,2,0,0,1,1,1,1,1,0,0,100
1178,34,20,7,45,0,1,0,3,5,0,1,2,1,2,2,2,0,0,1,0,0,1,0,0,0,156
1179,37,20,44,45,0,0,0,0,2,1,1,0,0,1,1,0,2,1,1,1,2,1,2,0,0,156
1180,38,39,23,45,0,0,0,0,2,0,1,0,1,0,0,2,0,1,1,1,2,2,0,1,0,156
1181,27,39,17,45,0,0,0,4,2,0,1,0,1,1,1,0,0,1,1,1,2,2,2,0,0,156
1182,34,35,21,45,0,0,1,3,3,0,0,2,2,2,1,2,0,2,2,1,1,1,1,2,0,156
1183,35,10,21,45,0,0,0,2,0,0,1,0,0,1,1,1,0,0,1,1,0,1,0,1,0,156
1184,34,39,21,45,0,0,1,1,4,0,1,1,0,1,1,0,1,2,0,1,2,1,0,1,0,156
1185,32,20,45,37,0,0,1,1,2,1,1,2,1,1,0,0,3,2,0,1,0,1,1,0,0,156
1186,25,39,21,45,0,0,0,4,1,0,1,0,1,1,0,0,0,0,1,1,2,1,1,0,0,156
1187,28,20,0,45,0,0,1,1,1,1,1,1,2,1,1,0,0,2,1,0,0,1,0,1,0,156
1188,28,10,45,37,0,0,1,2,4,0,1,2,0,1,1,0,2,2,2,1,0,1,1,1,1,156
1189,31,20,5,45,1,0,1,4,0,0,1,1,2,1,1,1,0,1,1,2,2,1,0,0,0,156
1190,24,20,44,45,0,0,0,4,1,0,1,0,1,1,1,0,2,0,0,1,2,1,0,0,0,156
1191,34,20,21,45,0,1,1,0,0,1,1,1,0,1,1,0,0,0,1,1,2,1,1,0,0,156
1192,32,39,21,45,0,0,1,3,4,0,1,1,0,1,1,0,2,1,1,1,2,1,0,0,0,156
1193,34,20,44,45,0,1,0,1,2,1,0,0,1,1,1,0,2,0,1,1,2,0,2,2,0,156
1194,23,20,45,37,0,0,1,3,0,0,1,1,2,1,1,1,4,0,0,1,2,1,1,1,0,156
1195,33,20,12,45,0,1,0,1,1,0,1,1,2,1,1,0,2,1,1,1,2,0,0,0,1,156
1196,29,39,37,45,0,1,1,3,2,0,1,0,1,1,1,0,1,0,1,0,0,1,0,1,0,155
1197,24,39,21,45,0,1,0,4,0,0,1,1,0,1,1,0,0,0,0,0,0,1,1,0,0,156
1198,45,39,21,45,0,0,0,0,5,1,1,0,1,1,1,0,0,2,1,2,1,1,1,1,1,156
1199,34,10,44,45,0,0,1,3,5,0,0,1,2,1,2,2,1,0,0,1,2,1,0,1,1,156
1200,31,20,32,45,0,0,0,3,5,0,1,0,0,1,1,0,3,2,2,1,0,1,0,1,1,156
1201,33,20,45,6,0,0,1,1,2,1,1,2,2,1,1,2,0,0,1,1,0,1,0,0,0,156
1202,28,39,28,45,0,0,0,4,4,0,1,1,1,1,1,0,2,0,0,1,1,1,1,0,0,156
1203,27,20,44,45,0,0,0,2,5,1,0,0,1,1,2,0,0,1,1,1,2,1,1,0,0,156
1204,42,39,21,45,0,0,0,0,2,0,1,1,2,1,1,1,1,2,2,1,1,1,1,1,0,156
1205,28,39,28,45,0,0,0,4,4,0,1,1,1,1,1,0,2,0,0,1,1,1,1,0,0,156
1206,38,20,45,37,0,0,1,3,5,1,1,2,0,2,2,2,4,1,1,2,2,1,1,0,0,42
1207,46,20,45,2,0,1,1,1,2,0,1,0,0,1,1,0,0,0,1,1,0,1,1,1,0,156
1208,46,39,45,16,0,1,1,3,1,1,1,0,1,0,0,0,0,1,1,1,2,2,2,0,0,86
1209,41,35,28,45,1,0,1,2,0,1,1,0,2,0,2,1,2,1,1,2,2,2,2,2,0,129
1210,23,21,44,45,0,0,0,0,2,0,1,0,0,1,1,0,2,0,1,1,1,1,0,2,1,8
1211,24,39,21,45,0,1,1,3,5,0,1,2,2,1,2,0,2,0,1,1,0,1,0,2,1,156
1212,23,35,21,45,0,0,1,2,2,0,1,1,2,2,1,0,0,1,1,2,1,1,0,0,0,156
1213,39,20,28,45,0,0,0,4,5,0,0,2,1,2,0,0,2,0,0,0,1,1,1,2,0,156
1214,32,10,21,45,0,1,0,0,5,0,1,2,2,0,2,2,0,0,1,1,1,1,1,0,0,156
1215,25,20,45,19,0,1,1,3,2,0,1,0,2,1,1,0,2,2,1,1,1,1,0,0,0,156
1216,39,20,18,45,0,0,0,4,4,1,1,1,0,1,1,2,0,2,1,0,0,1,1,0,0,156
1217,23,10,44,45,0,1,1,3,4,0,1,1,2,1,2,2,4,1,1,2,2,0,0,2,0,156
1218,24,6,44,45,1,0,1,3,4,1,1,1,0,1,1,0,0,0,0,1,1,1,0,0,1,156
1219,25,20,44,45,0,1,1,3,5,0,0,2,2,2,2,2,4,1,1,2,2,2,2,2,0,54
1220,23,20,44,45,0,0,1,2,4,0,1,1,2,1,1,0,0,1,1,2,2,1,0,0,0,156
1221,24,43,44,45,0,0,1,3,4,0,0,0,0,1,0,0,0,2,0,0,0,1,0,0,0,154
1222,23,20,7,45,0,0,1,1,2,0,1,2,2,2,0,0,0,0,1,2,1,1,1,0,0,156
1223,60,20,45,2,0,0,1,1,5,1,1,0,0,2,0,0,2,0,0,1,0,1,0,0,0,156
1224,28,39,21,45,0,0,0,3,2,0,1,1,2,1,1,2,0,2,0,0,0,1,1,1,1,156
1225,28,20,45,36,0,1,1,1,5,0,0,2,2,2,2,2,2,2,0,1,2,1,1,1,1,156
1226,30,39,28,45,0,0,0,3,3,0,1,0,0,1,1,0,0,0,1,2,2,0,2,0,0,156
1227,31,39,17,45,0,1,1,3,1,0,1,0,0,1,1,2,2,1,1,1,0,1,1,0,0,156
1228,31,20,33,45,1,0,1,1,4,1,1,1,0,1,1,0,2,0,1,1,0,1,1,0,0,156
1229,28,20,21,45,0,0,1,2,2,0,1,0,0,1,0,0,0,0,1,0,0,1,0,0,0,156
1230,43,33,45,6,0,1,1,2,5,1,1,2,2,1,2,0,0,1,1,1,2,1,1,0,0,156
1231,32,35,44,45,0,0,0,4,5,0,0,1,0,1,0,0,0,0,1,1,2,1,2,1,0,156
1232,22,20,0,45,0,1,1,1,1,0,0,2,2,2,2,2,0,0,0,0,2,1,0,0,1,78
1233,32,20,45,31,0,0,0,0,1,0,1,2,1,0,2,0,2,1,1,0,1,0,2,0,0,156
1234,36,39,14,45,0,0,1,1,4,0,1,1,0,1,1,1,3,2,1,1,0,1,0,0,1,156
1235,41,10,45,41,0,1,1,3,2,0,1,2,0,1,0,0,0,2,0,0,0,1,1,0,0,156
1236,30,16,45,2,0,1,1,3,2,0,1,2,2,0,1,2,4,1,1,2,2,0,0,2,0,13
1237,30,20,45,2,1,1,1,1,2,0,1,2,1,2,2,0,0,1,1,1,2,0,0,2,0,156
1238,36,20,39,45,0,1,1,1,1,0,0,1,2,1,1,0,2,1,1,1,2,1,2,2,0,156
1239,29,39,45,22,0,1,1,3,1,1,1,2,2,2,1,2,0,2,1,1,0,1,0,1,0,156
1240,36,20,45,38,0,1,0,2,5,0,0,0,0,2,2,0,2,0,0,1,1,1,1,0,0,156
1241,26,39,44,45,0,0,1,4,2,0,1,1,0,1,1,0,2,1,1,1,1,1,1,0,0,156
1242,32,20,45,10,0,1,1,1,2,1,1,2,2,1,1,2,1,1,1,1,2,1,1,2,0,156
1243,34,39,45,2,0,1,1,3,5,0,1,2,2,1,1,0,1,2,2,0,0,1,1,1,0,156
1244,46,33,45,22,0,0,0,4,1,1,1,1,2,1,1,0,0,2,1,0,0,1,1,1,0,156
1245,25,20,45,10,0,1,1,3,2,0,0,2,2,1,1,2,0,0,1,1,0,1,1,0,0,156
